title	name	meaning	in_subset	menu_1	menu_2	menu_3	menu_4	menu_5	description	EXPORT_GISAID	EXPORT_NCBI_BIOSAMPLE	EXPORT_NCBI_SRA	EXPORT_NCBI_Genbank	EXPORT_NCBI_Genbank_source_modifiers
														
null value menu	NullValueMenu	GENEPIO:0001619	Covid-19	Not Applicable [GENEPIO:0001619]										
		GENEPIO:0001620	Covid-19	Not Collected [GENEPIO:0001620]										
		GENEPIO:0001668	Covid-19	Not Provided [GENEPIO:0001668]										
		GENEPIO:0001618	Covid-19	Missing [GENEPIO:0001618]										
		GENEPIO:0001810	Covid-19	Restricted Access [GENEPIO:0001810]										
														
														
host age unit menu	HostAgeUnitMenu	UO:0000035	Covid-19	month [UO:0000035]										
		UO:0000036	Covid-19	year [UO:0000036]										
														
														
biomaterial extracted menu	BiomaterialExtractedMenu	OBI:0000895	Covid-19	RNA (Total) [OBI:0000895]										
		OBI:0000869	Covid-19	RNA (Poly-A) [OBI:0000869]										
		OBI:0002627	Covid-19	RNA (Ribo-Depleted) [OBI:0002627]										
		GENEPIO:0100104	Covid-19	mRNA (messenger RNA) [GENEPIO:0100104]										
		OBI:0002754	Covid-19	mRNA (cDNA) [OBI:0002754]										
														
														
signs and symptoms menu	SignsAndSymptomsMenu	HP:0030829	Covid-19	Abnormal lung auscultation [HP:0030829]										
		HP:0000223	Covid-19	Abnormality of taste sensation [HP:0000223]										
		HP:0041051	Covid-19		Ageusia (complete loss of taste) [HP:0041051]									
		HP:0031249	Covid-19		Parageusia (distorted sense of taste) [HP:0031249]									
		HP:0000224	Covid-19		Hypogeusia (reduced sense of taste) [HP:0000224]									
		HP:0004408	Covid-19	Abnormality of the sense of smell [HP:0004408]										
		HP:0000458	Covid-19		Anosmia (lost sense of smell) [HP:0000458]									
		HP:0004409	Covid-19		Hyposmia (reduced sense of smell) [HP:0004409]									
		HP:0033677	Covid-19	Acute Respiratory Distress Syndrome [HP:0033677]										
		HP:0011446	Covid-19	Altered mental status [HP:0011446]										
		HP:0100543	Covid-19		Cognitive impairment [HP:0100543]									
		HP:0001259	Covid-19		Coma [HP:0001259]									
		HP:0001289	Covid-19		Confusion [HP:0001289]									
		HP:0031258	Covid-19			Delirium (sudden severe confusion) [HP:0031258]								
		GENEPIO:0100061	Covid-19		Inability to arouse (inability to stay awake) [GENEPIO:0100061]									
		HP:0000737	Covid-19		Irritability [HP:0000737]									
		HP:0002371	Covid-19		Loss of speech [HP:0002371]									
		HP:0011675	Covid-19	Arrhythmia [HP:0011675]										
		HP:0025406	Covid-19	Asthenia (generalized weakness) [HP:0025406]										
		HP:0031352	Covid-19	Chest tightness or pressure [HP:0031352]										
		HP:0025145	Covid-19		Rigors (fever shakes) [HP:0025145]									
		HP:0025143	Covid-19	Chills (sudden cold sensation) [HP:0025143]										
		HP:0030953	Covid-19	Conjunctival injection [HP:0030953]										
		HP:0000509	Covid-19	Conjunctivitis (pink eye) [HP:0000509]										
		MP:0001867	Covid-19	Coryza (rhinitis) [MP:0001867]										
		HP:0012735	Covid-19	Cough [HP:0012735]										
		HP:0031246	Covid-19		Nonproductive cough (dry cough) [HP:0031246]									
		HP:0031245	Covid-19		Productive cough (wet cough) [HP:0031245]									
		HP:0000961	Covid-19	Cyanosis (blueish skin discolouration) [HP:0000961]										
		HP:0001063	Covid-19		Acrocyanosis [HP:0001063]									
		HP:0032556	Covid-19			Circumoral cyanosis (bluish around mouth) [HP:0032556]								
		GENEPIO:0100062	Covid-19			Cyanotic face (bluish face) [GENEPIO:0100062]								
		GENEPIO:0100063	Covid-19		Central Cyanosis [GENEPIO:0100063]									
		GENEPIO:0100064	Covid-19			Cyanotic lips (bluish lips) [GENEPIO:0100064]								
		GENEPIO:0100065	Covid-19		Peripheral Cyanosis [GENEPIO:0100065]									
		HP:0002094	Covid-19	Dyspnea (breathing difficulty) [HP:0002094]										
		HP:0002014	Covid-19	Diarrhea (watery stool) [HP:0002014]										
		MP:0031127	Covid-19	Dry gangrene [MP:0031127]										
		HP:0002383	Covid-19	Encephalitis (brain inflammation) [HP:0002383]										
		HP:0001298	Covid-19	Encephalopathy [HP:0001298]										
		HP:0012378	Covid-19	Fatigue (tiredness) [HP:0012378]										
		HP:0001945	Covid-19	Fever [HP:0001945]										
		GENEPIO:0100066	Covid-19		Fever (>=38°C) [GENEPIO:0100066]									
		HP:0000206	Covid-19	Glossitis (inflammation of the tongue) [HP:0000206]										
		GENEPIO:0100067	Covid-19	Ground Glass Opacities (GGO) [GENEPIO:0100067]										
		HP:0002315	Covid-19	Headache [HP:0002315]										
		HP:0002105	Covid-19	Hemoptysis (coughing up blood) [HP:0002105]										
		HP:0012417	Covid-19	Hypocapnia [HP:0012417]										
		HP:0002615	Covid-19	Hypotension (low blood pressure) [HP:0002615]										
		HP:0012418	Covid-19	Hypoxemia (low blood oxygen) [HP:0012418]										
		GENEPIO:0100068	Covid-19		Silent hypoxemia [GENEPIO:0100068]									
		HP:0011029	Covid-19	Internal hemorrhage (internal bleeding) [HP:0011029]										
		NCIT:C121416	Covid-19	Loss of Fine Movements [NCIT:C121416]										
		HP:0004396	Covid-19	Low appetite [HP:0004396]										
		HP:0033834	Covid-19	Malaise (general discomfort/unease) [HP:0033834]										
		HP:0031179	Covid-19	Meningismus/nuchal rigidity [HP:0031179]										
		HP:0001324	Covid-19	Muscle weakness [HP:0001324]										
		HP:0001742	Covid-19	Nasal obstruction (stuffy nose) [HP:0001742]										
		HP:0002018	Covid-19	Nausea [HP:0002018]										
		HP:0000421	Covid-19	Nose bleed [HP:0000421]										
		GENEPIO:0100069	Covid-19	Otitis [GENEPIO:0100069]										
		HP:0012531	Covid-19	Pain [HP:0012531]										
		HP:0002027	Covid-19		Abdominal pain [HP:0002027]									
		HP:0002829	Covid-19		Arthralgia (painful joints) [HP:0002829]									
		HP:0100749	Covid-19		Chest pain [HP:0100749]									
		HP:0033771	Covid-19			Pleuritic chest pain [HP:0033771]								
		HP:0003326	Covid-19		Myalgia (muscle pain) [HP:0003326]									
		HP:0025439	Covid-19	Pharyngitis (sore throat) [HP:0025439]										
		GENEPIO:0100070	Covid-19	Pharyngeal exudate [GENEPIO:0100070]										
		HP:0002202	Covid-19	Pleural effusion [HP:0002202]										
		HP:0002090	Covid-19	Pneumonia [HP:0002090]										
		HP:0033696	Covid-19	Pseudo-chilblains [HP:0033696]										
		GENEPIO:0100072	Covid-19		Pseudo-chilblains on fingers (covid fingers) [GENEPIO:0100072]									
		GENEPIO:0100073	Covid-19		Pseudo-chilblains on toes (covid toes) [GENEPIO:0100073]									
		HP:0000988	Covid-19	Rash [HP:0000988]										
		HP:0031417	Covid-19	Rhinorrhea (runny nose) [HP:0031417]										
		HP:0001250	Covid-19	Seizure [HP:0001250]										
		HP:0020219	Covid-19		Motor seizure [HP:0020219]									
		HP:0025144	Covid-19	Shivering (involuntary muscle twitching) [HP:0025144]										
		HP:0001350	Covid-19	Slurred speech [HP:0001350]										
		HP:0025095	Covid-19	Sneezing [HP:0025095]										
		HP:0033709	Covid-19	Sputum Production [HP:0033709]										
		HP:0001297	Covid-19	Stroke [HP:0001297]										
		HP:0002716	Covid-19	Swollen Lymph Nodes [HP:0002716]										
		HP:0002789	Covid-19	Tachypnea (accelerated respiratory rate) [HP:0002789]										
		HP:0002321	Covid-19	Vertigo (dizziness) [HP:0002321]										
		HP:0002013	Covid-19	Vomiting (throwing up) [HP:0002013]										
														
														
host vaccination status menu	HostVaccinationStatusMenu	GENEPIO:0100100	Covid-19	Fully Vaccinated [GENEPIO:0100100]							prior_sars_cov_2_vaccination:Yes			
		GENEPIO:0100101	Covid-19	Partially Vaccinated [GENEPIO:0100101]							prior_sars_cov_2_vaccination:Yes			
		GENEPIO:0100102	Covid-19	Not Vaccinated [GENEPIO:0100102]							prior_sars_cov_2_vaccination:No			
														
														
prior SARS-CoV-2 antiviral treatment menu	PriorSarsCov2AntiviralTreatmentMenu	GENEPIO:0100237	Covid-19	Prior antiviral treatment [GENEPIO:0100037]							prior_sars_cov_2_antiviral_treatment:Yes			
		GENEPIO:0100233	Covid-19	No prior antiviral treatment [GENEPIO:0100233]							prior_sars_cov_2_antiviral_treatment:No			
														
														
pre-existing conditions and risk factors menu	PreExistingConditionsAndRiskFactorsMenu	VO:0004925	Covid-19	Age 60+ [VO:0004925]										
		HP:0001903	Covid-19	Anemia [HP:0001903]										
		HP:0002039	Covid-19	Anorexia [HP:0002039]										
		NCIT:C92743	Covid-19	Birthing labor [NCIT:C92743]										
		NCIT:C80693	Covid-19	Bone marrow failure [NCIT:C80693]										
		MONDO:0004992	Covid-19	Cancer [MONDO:0004992]										
		MONDO:0007254	Covid-19		Breast cancer [MONDO:0007254]									
		MONDO:0005575	Covid-19		Colorectal cancer [MONDO:0005575]									
		DOID:2531	Covid-19		Hematologic malignancy (cancer of the blood) [DOID:2531]									
		MONDO:0008903	Covid-19		Lung cancer [MONDO:0008903]									
		MONDO:0024880	Covid-19		Metastatic disease [MONDO:0024880]									
		NCIT:C16212	Covid-19	Cancer treatment [NCIT:C16212]										
		NCIT:C157740	Covid-19		Cancer surgery [NCIT:C157740]									
		NCIT:C15632	Covid-19		Chemotherapy [NCIT:C15632]									
		NCIT:C15360	Covid-19			Adjuvant chemotherapy [NCIT:C15360]								
		NCIT:C3079	Covid-19	Cardiac disorder [NCIT:C3079]										
		HP:0011675	Covid-19		Arrhythmia [HP:0011675]									
		MONDO:0005267	Covid-19		Cardiac disease [MONDO:0005267]									
		HP:0001638	Covid-19		Cardiomyopathy [HP:0001638]									
		GENEPIO:0100074	Covid-19		Cardiac injury [GENEPIO:0100074]									
		HP:0000822	Covid-19		Hypertension (high blood pressure) [HP:0000822]									
		HP:0002615	Covid-19		Hypotension (low blood pressure) [HP:0002615]									
		HP:0011410	Covid-19	Cesarean section [HP:0011410]										
		GENEPIO:0100075	Covid-19	Chronic cough [GENEPIO:0100075]										
		GENEPIO:0100076	Covid-19	Chronic gastrointestinal disease [GENEPIO:0100076]										
		NCIT:C211	Covid-19	Corticosteroids [NCIT:C211]										
		HP:0000819	Covid-19	Diabetes mellitus (diabetes) [HP:0000819]										
		HP:0100651	Covid-19		Type I diabetes mellitus (T1D) [HP:0100651]									
		HP:0005978	Covid-19		Type II diabetes mellitus (T2D) [HP:0005978]									
		HP:0000964	Covid-19	Eczema [HP:0000964]										
		HP:0003111	Covid-19	Electrolyte disturbance [HP:0003111]										
		HP:0002901	Covid-19		Hypocalcemia [HP:0002901]									
		HP:0002900	Covid-19		Hypokalemia [HP:0002900]									
		HP:0002917	Covid-19		Hypomagnesemia [HP:0002917]									
		HP:0002383	Covid-19	Encephalitis (brain inflammation) [HP:0002383]										
		MONDO:0005027	Covid-19	Epilepsy [MONDO:0005027]										
		NCIT:C15248	Covid-19	Hemodialysis [NCIT:C15248]										
		MONDO:0044348	Covid-19	Hemoglobinopathy [MONDO:0044348]										
		MONDO:0005109	Covid-19	Human immunodeficiency virus (HIV) [MONDO:0005109]										
		MONDO:0012268	Covid-19		Acquired immunodeficiency syndrome (AIDS) [MONDO:0012268]									
		NCIT:C16118	Covid-19		HIV and antiretroviral therapy (ART) [NCIT:C16118]									
		NCIT:C14139	Covid-19	Immunocompromised [NCIT:C14139]										
		MONDO:0004670	Covid-19		Lupus [MONDO:0004670]									
		MONDO:0005265	Covid-19	Inflammatory bowel disease (IBD) [MONDO:0005265]										
		HP:0002583	Covid-19		Colitis [HP:0002583]									
		HP:0100279	Covid-19			Ulcerative colitis [HP:0100279]								
		HP:0100280	Covid-19		Crohn's disease [HP:0100280]									
		NCIT:C3149	Covid-19	Renal disorder [NCIT:C3149]										
		MONDO:0005240	Covid-19		Renal disease [MONDO:0005240]									
		HP:0012622	Covid-19			Chronic renal disease [HP:0012622]								
		HP:0000083	Covid-19		Renal failure [HP:0000083]									
		MONDO:0005154	Covid-19	Liver disease [MONDO:0005154]										
		NCIT:C113609	Covid-19		Chronic liver disease [NCIT:C113609]									
		HP:0001397	Covid-19			Fatty liver disease (FLD) [HP:0001397]								
		HP:0003326	Covid-19	Myalgia (muscle pain)  [HP:0003326]										
		MONDO:0005404	Covid-19	Myalgic encephalomyelitis (ME) [MONDO:0005404]										
		MONDO:0005071	Covid-19	Neurological disorder [MONDO:0005071]										
		MONDO:0019056	Covid-19		Neuromuscular disorder [MONDO:0019056]									
		HP:0001513	Covid-19	Obesity [HP:0001513]										
		MONDO:0005139	Covid-19		Severe obesity [MONDO:0005139]									
		MONDO:0005087	Covid-19	Respiratory disorder [MONDO:0005087]										
		HP:0002099	Covid-19		Asthma [HP:0002099]									
		HP:0004469	Covid-19		Chronic bronchitis [HP:0004469]									
		HP:0006510	Covid-19		Chronic obstructive pulmonary disease [HP:0006510]									
		HP:0002097	Covid-19		Emphysema [HP:0002097]									
		MONDO:0005275	Covid-19		Lung disease [MONDO:0005275]									
		HP:0006528	Covid-19			Chronic lung disease [HP:0006528]								
		HP:0002206	Covid-19			Pulmonary fibrosis [HP:0002206]								
		HP:0002090	Covid-19		Pneumonia [HP:0002090]									
		HP:0002878	Covid-19		Respiratory failure [HP:0002878]									
		HP:0033677	Covid-19			Adult respiratory distress syndrome [HP:0033677]								
		MONDO:0009971	Covid-19			Newborn respiratory distress syndrome [MONDO:0009971]								
		MONDO:0018076	Covid-19		Tuberculosis [MONDO:0018076]									
		GENEPIO:0100077	Covid-19	Postpartum (≤6 weeks) [GENEPIO:0100077]										
		NCIT:C25742	Covid-19	Pregnancy [NCIT:C25742]										
		MONDO:0005554	Covid-19	Rheumatic disease [MONDO:0005554]										
		MONDO:0011382	Covid-19	Sickle cell disease [MONDO:0011382]										
		NBO:0001845	Covid-19	Substance use [NBO:0001845]										
		MONDO:0002046	Covid-19		Alcohol abuse [MONDO:0002046]									
		GENEPIO:0100078	Covid-19		Drug abuse [GENEPIO:0100078]									
		GENEPIO:0100079	Covid-19			Injection drug abuse [GENEPIO:0100079]								
		NBO:0015005	Covid-19		Smoking [NBO:0015005]									
		NCIT:C173621	Covid-19		Vaping [NCIT:C173621]									
		HP:0002789	Covid-19	Tachypnea (accelerated respiratory rate) [HP:0002789]										
		NCIT:C159659	Covid-19	Transplant [NCIT:C159659]										
		GENEPIO:0100080	Covid-19		Cardiac transplant [NCIT:C131759]									
		NCIT:C131759	Covid-19		Hematopoietic stem cell transplant (bone marrow transplant) [GENEPIO:0100080]									
		NCIT:C157332	Covid-19		Kidney transplant [NCIT:C157332]									
		GENEPIO:0100081	Covid-19		Liver transplant [GENEPIO:0100081]									
														
														
variant designation menu	VariantDesignationMenu	GENEPIO:0100082	Covid-19	Variant of Interest (VOI) [GENEPIO:0100082]										
		GENEPIO:0100083	Covid-19	Variant of Concern (VOC) [GENEPIO:0100083]										
		GENEPIO:0100279	Covid-19	Variant Under Monitoring (VUM) [GENEPIO:0100279]										
														
														
complications menu	ComplicationsMenu	HP:0500165	Covid-19	Abnormal blood oxygen level [HP:0500165]										
		HP:0001919	Covid-19	Acute kidney injury [HP:0001919]										
		MONDO:0015796	Covid-19	Acute lung injury [MONDO:0015796]										
		GENEPIO:0100092	Covid-19		Ventilation induced lung injury (VILI) [GENEPIO:0100092]									
		MONDO:0001208	Covid-19	Acute respiratory failure [MONDO:0001208]										
		HP:0011675	Covid-19	Arrhythmia (complication) [HP:0011675]										
		HP:0001649	Covid-19		Tachycardia [HP:0001649]									
		HP:0031677	Covid-19			Polymorphic ventricular tachycardia (VT) [HP:0031677]								
		GENEPIO:0100084	Covid-19			Tachyarrhythmia [GENEPIO:0100084]								
		GENEPIO:0100087	Covid-19	Cardiac injury [GENEPIO:0100074]										
		HP:0001695	Covid-19	Cardiac arrest [HP:0001695]										
		HP:0030149	Covid-19	Cardiogenic shock [HP:0030149]										
		HP:0001977	Covid-19	Blood clot [HP:0001977]										
		HP:0004420	Covid-19		Arterial clot [HP:0004420]									
		HP:0002625	Covid-19		Deep vein thrombosis (DVT) [HP:0002625]									
		HP:0002204	Covid-19		Pulmonary embolism (PE) [HP:0002204]									
		HP:0001638	Covid-19	Cardiomyopathy [HP:0001638]										
		MONDO:0024619	Covid-19	Central nervous system invasion [MONDO:0024619]										
		HP:0001297	Covid-19	Stroke (complication) [HP:0001297]										
		MONDO:0003346	Covid-19		Central Nervous System Vasculitis [MONDO:0003346]									
		HP:0002140	Covid-19		Acute ischemic stroke [HP:0002140]									
		HP:0001259	Covid-19	Coma [HP:0001259]										
		HP:0011097	Covid-19	Convulsions [HP:0011097]										
		NCIT:C171562	Covid-19	COVID-19 associated coagulopathy (CAC) [NCIT:C171562]										
		MONDO:0009061	Covid-19	Cystic fibrosis [MONDO:0009061]										
		MONDO:0600008	Covid-19	Cytokine release syndrome [MONDO:0600008]										
		MPATH:108	Covid-19	Disseminated intravascular coagulation (DIC) [MPATH:108]										
		HP:0001298	Covid-19	Encephalopathy [HP:0001298]										
		GENEPIO:0100088	Covid-19	Fulminant myocarditis [GENEPIO:0100088]										
		MONDO:0016218	Covid-19	Guillain-Barré syndrome [MONDO:0016218]										
		HP:0011029	Covid-19	Internal hemorrhage (complication; internal bleeding) [HP:0011029]										
		MONDO:0013792	Covid-19		Intracerebral haemorrhage [MONDO:0013792]									
		MONDO:0012727	Covid-19	Kawasaki disease [MONDO:0012727]										
		GENEPIO:0100089	Covid-19		Complete Kawasaki disease [GENEPIO:0100089]									
		GENEPIO:0100090	Covid-19		Incomplete Kawasaki disease [GENEPIO:0100090]									
		HP:0001410	Covid-19	Liver dysfunction [HP:0001410]										
		GENEPIO:0100091	Covid-19		Acute liver injury [GENEPIO:0100091]									
		MONDO:0100233	Covid-19	Long COVID-19 [MONDO:0100233]										
		HP:0001287	Covid-19	Meningitis [HP:0001287]										
		HP:0002076	Covid-19	Migraine [HP:0002076]										
		HP:0005268	Covid-19	Miscarriage [HP:0005268]										
		MONDO:0100163	Covid-19	Multisystem inflammatory syndrome in children (MIS-C) [MONDO:0100163]										
		MONDO:0100319	Covid-19	Multisystem inflammatory syndrome in adults (MIS-A) [MONDO:0100319]										
		GENEPIO:0100093	Covid-19	Muscle injury [GENEPIO:0100093]										
		MONDO:0005404	Covid-19	Myalgic encephalomyelitis (chronic fatigue syndrome) [MONDO:0005404]										
		MONDO:0005068	Covid-19	Myocardial infarction (heart attack) [MONDO:0005068]										
		MONDO:0004781	Covid-19		Acute myocardial infarction [MONDO:0004781]									
		MONDO:0041656	Covid-19		ST-segment elevation myocardial infarction [MONDO:0041656]									
		HP:0001700	Covid-19	Myocardial injury [HP:0001700]										
		NCIT:C168498	Covid-19	Neonatal complications [NCIT:C168498]										
		GENEPIO:0100085	Covid-19	Noncardiogenic pulmonary edema [GENEPIO:0100085]										
		HP:0033677	Covid-19		Acute respiratory distress syndrome (ARDS) [HP:0033677]									
		NCIT:C171551	Covid-19			COVID-19 associated ARDS (CARDS) [NCIT:C171551]								
		GENEPIO:0100086	Covid-19			Neurogenic pulmonary edema (NPE) [GENEPIO:0100086]								
		GENEPIO:0100094	Covid-19	Organ failure [GENEPIO:0100094]										
		HP:0001635	Covid-19		Heart failure [HP:0001635]									
		MONDO:0100192	Covid-19		Liver failure [MONDO:0100192]									
		HP:0003470	Covid-19	Paralysis [HP:0003470]										
		HP:0002107	Covid-19	Pneumothorax (collapsed lung) [HP:0002107]										
		HP:0002108	Covid-19		Spontaneous pneumothorax [HP:0002108]									
		MONDO:0002075	Covid-19		Spontaneous tension pneymothorax [MONDO:0002075]									
		HP:0002090	Covid-19	Pneumonia (complication) [HP:0002090]										
		NCIT:C171550	Covid-19		COVID-19 pneumonia [NCIT:C171550]									
		HP:0001197	Covid-19	Pregancy complications [HP:0001197]										
		HP:0003201	Covid-19	Rhabdomyolysis [HP:0003201]										
		IDO:0000567	Covid-19	Secondary infection [IDO:0000567]										
		GENEPIO:0100095	Covid-19		Secondary staph infection [GENEPIO:0100095]									
		GENEPIO:0100096	Covid-19		Secondary strep infection [GENEPIO:0100096]									
		HP:0001250	Covid-19	Seizure (complication) [HP:0001250]										
		HP:0020219	Covid-19		Motor seizure [HP:0020219]									
		HP:0100806	Covid-19	Sepsis/Septicemia [HP:0100806]										
		IDO:0000636	Covid-19		Sepsis (systemic inflammatory response to infection) [IDO:0000636]									
		NCIT:C3364	Covid-19		Septicemia (bloodstream infection) [NCIT:C3364]									
		HP:0031273	Covid-19	Shock [HP:0031273]										
		GENEPIO:0100097	Covid-19		Hyperinflammatory shock [GENEPIO:0100097]									
		GENEPIO:0100098	Covid-19		Refractory cardiogenic shock [GENEPIO:0100098]									
		GENEPIO:0100099	Covid-19		Refractory cardiogenic plus vasoplegic shock [GENEPIO:0100099]									
		NCIT:C35018	Covid-19		Septic shock [NCIT:C35018]									
		HP:0002633	Covid-19	Vasculitis [HP:0002633]										
														
														
sample collected in quarantine menu	SampleCollectedInQuarantineMenu	NCIT:C49488	Covid-19	Yes [NCIT:C49488]										
		NCIT:C49487	Covid-19	No [NCIT:C49487]										
														
														
anatomical material menu	AnatomicalMaterialMenu	UBERON:0000178	Covid-19	Blood [UBERON:0000178]										
		UBERON:0006314	Covid-19	Fluid [UBERON:0006314]										
		UBERON:0001359	Covid-19		Fluid (cerebrospinal (CSF)) [UBERON:0001359]									
		UBERON:0002409	Covid-19		Fluid (pericardial) [UBERON:0002409]									
		UBERON:0001087	Covid-19		Fluid (pleural) [UBERON:0001087]									
		UBERON:0036243	Covid-19		Fluid (vaginal) [UBERON:0036243]									
		UBERON:0000173	Covid-19		Fluid (amniotic) [UBERON:0000173]									
		UBERON:0001836	Covid-19		Saliva [UBERON:0001836]									
		UBERON:0000479	Covid-19	Tissue [UBERON:0000479]										
														
														
anatomical part menu	AnatomicalPartMenu	UBERON:0001245	Covid-19	Anus [UBERON:0001245]										
		UBERON:0006956	Covid-19	Buccal mucosa [UBERON:0006956]										
		UBERON:0002114	Covid-19	Duodenum [UBERON:0002114]										
		UBERON:0000970	Covid-19	Eye [UBERON:0000970]										
		UBERON:0000160	Covid-19	Intestine [UBERON:0000160]										
		UBERON:0001558	Covid-19	Lower respiratory tract [UBERON:0001558]										
		UBERON:0002185	Covid-19		Bronchus [UBERON:0002185]									
		UBERON:0002048	Covid-19		Lung [UBERON:0002048]									
		UBERON:0002186	Covid-19			Bronchiole [UBERON:0002186]								
		UBERON:0002169	Covid-19			Alveolar sac [UBERON:0002169]								
		UBERON:0009778	Covid-19		Pleural sac [UBERON:0009778]									
		UBERON:0002402	Covid-19			Pleural cavity [UBERON:0002402]								
		UBERON:0003126	Covid-19		Trachea [UBERON:0003126]									
		UBERON:0001052	Covid-19	Rectum [UBERON:0001052]										
		UBERON:0001003	Covid-19	Skin [UBERON:0001003]										
		UBERON:0000945	Covid-19	Stomach [UBERON:0000945]										
		UBERON:0001557	Covid-19	Upper respiratory tract [UBERON:0001557]										
		UBERON:2001427	Covid-19		Anterior Nares [UBERON:2001427]									
		UBERON:0001043	Covid-19		Esophagus [UBERON:0001043]									
		UBERON:0002453	Covid-19		Ethmoid sinus [UBERON:0002453]									
		UBERON:0001707	Covid-19		Nasal Cavity [UBERON:0001707]									
		UBERON:0005921	Covid-19			Middle Nasal Turbinate [UBERON:0005921]								
		UBERON:0005922	Covid-19			Inferior Nasal Turbinate [UBERON:0005922]								
		UBERON:0001728	Covid-19		Nasopharynx (NP) [UBERON:0001728]									
		UBERON:0001729	Covid-19		Oropharynx (OP) [UBERON:0001729]									
														
														
body product menu	BodyProductMenu	UBERON:0001913	Covid-19	Breast Milk [UBERON:0001913]										
		UBERON:0001988	Covid-19	Feces [UBERON:0001988]										
		UBERON:0006530	Covid-19	Fluid (seminal) [UBERON:0006530]										
		UBERON:0000912	Covid-19	Mucus [UBERON:0000912]										
		UBERON:0007311	Covid-19		Sputum [UBERON:0007311]									
		UBERON:0001089	Covid-19	Sweat [UBERON:0001089]										
		UBERON:0001827	Covid-19	Tear [UBERON:0001827]										
		UBERON:0001088	Covid-19	Urine [UBERON:0001088]										
														
														
environmental material menu	EnvironmentalMaterialMenu	ENVO:03501208	Covid-19	Air vent [ENVO:03501208]										
		ENVO:00003896	Covid-19	Banknote [ENVO:00003896]										
		ENVO:03501209	Covid-19	Bed rail [ENVO:03501209]										
		ENVO:01000486	Covid-19	Building floor [ENVO:01000486]										
		ENVO:02000058	Covid-19	Cloth [ENVO:02000058]										
		ENVO:03501210	Covid-19	Control panel [ENVO:03501210]										
		ENVO:03501220	Covid-19	Door [ENVO:03501220]										
		ENVO:03501211	Covid-19	Door handle [ENVO:03501211]										
		OBI:0002787	Covid-19	Face mask [OBI:0002787]										
		OBI:0002791	Covid-19	Face shield [OBI:0002791]										
		FOODON:00002403	Covid-19	Food [FOODON:00002403]										
		FOODON:03490100	Covid-19	Food packaging [FOODON:03490100]										
		ENVO:01000481	Covid-19	Glass [ENVO:01000481]										
		ENVO:03501212	Covid-19	Handrail [ENVO:03501212]										
		OBI:0002796	Covid-19	Hospital gown [OBI:0002796]										
		ENVO:03501213	Covid-19	Light switch [ENVO:03501213]										
		ENVO:03501214	Covid-19	Locker [ENVO:03501214]										
		OBI:0002790	Covid-19	N95 mask [OBI:0002790]										
		ENVO:03501215	Covid-19	Nurse call button [ENVO:03501215]										
		ENVO:03501256	Covid-19	Paper [ENVO:03501256]										
		ENVO:01000060	Covid-19	Particulate matter [ENVO:01000060]										
		ENVO:01000404	Covid-19	Plastic [ENVO:01000404]										
		GENEPIO:0100025	Covid-19	PPE gown [GENEPIO:0100025]										
		ENVO:00002018	Covid-19	Sewage [ENVO:00002018]										
		ENVO:01000990	Covid-19	Sink [ENVO:01000990]										
		ENVO:00001998	Covid-19	Soil [ENVO:00001998]										
		ENVO:03501216	Covid-19	Stainless steel [ENVO:03501216]										
		ENVO:03501217	Covid-19	Tissue paper [ENVO:03501217]										
		ENVO:03501218	Covid-19	Toilet bowl [ENVO:03501218]										
		ENVO:00002006	Covid-19	Water [ENVO:00002006]										
		ENVO:00002001	Covid-19		Wastewater [ENVO:00002001]									
		ENVO:03501219	Covid-19	Window [ENVO:03501219]										
		ENVO:00002040	Covid-19	Wood [ENVO:00002040]										
														
														
environmental site menu	EnvironmentalSiteMenu	ENVO:03501135	Covid-19	Acute care facility [ENVO:03501135]										
		ENVO:00003040	Covid-19	Animal house [ENVO:00003040]										
		ENVO:01000422	Covid-19	Bathroom [ENVO:01000422]										
		ENVO:03501136	Covid-19	Clinical assessment centre [ENVO:03501136]										
		ENVO:03501127	Covid-19	Conference venue [ENVO:03501127]										
		ENVO:03501121	Covid-19	Corridor [ENVO:03501121]										
		ENVO:01000927	Covid-19	Daycare [ENVO:01000927]										
		ENVO:03501145	Covid-19	Emergency room (ER) [ENVO:03501145]										
		ENVO:03501186	Covid-19	Family practice clinic [ENVO:03501186]										
		ENVO:03501196	Covid-19	Group home [ENVO:03501196]										
		ENVO:03501133	Covid-19	Homeless shelter [ENVO:03501133]										
		ENVO:00002173	Covid-19	Hospital [ENVO:00002173]										
		ENVO:03501152	Covid-19	Intensive Care Unit (ICU) [ENVO:03501152]										
		ENVO:03501194	Covid-19	Long Term Care Facility [ENVO:03501194]										
		ENVO:03501180	Covid-19	Patient room [ENVO:03501180]										
		ENVO:03501204	Covid-19	Prison [ENVO:03501204]										
		ENVO:01000536	Covid-19	Production Facility [ENVO:01000536]										
		ENVO:03501130	Covid-19	School [ENVO:03501130]										
		ENVO:00003043	Covid-19	Sewage Plant [ENVO:00003043]										
		ENVO:03501109	Covid-19	Subway train [ENVO:03501109]										
		ENVO:00000467	Covid-19	University campus [ENVO:00000467]										
		ENVO:03501198	Covid-19	Wet market [ENVO:03501198]										
														
														
collection method menu	CollectionMethodMenu	NCIT:C52009	Covid-19	Amniocentesis [NCIT:C52009]										
		NCIT:C15631	Covid-19	Aspiration [NCIT:C15631]										
		GENEPIO:0100028	Covid-19		Suprapubic Aspiration [GENEPIO:0100028]									
		GENEPIO:0100029	Covid-19		Tracheal Aspiration [GENEPIO:0100029]									
		GENEPIO:0100030	Covid-19		Vacuum Aspiration [GENEPIO:0100030]									
		OBI:0002650	Covid-19	Biopsy [OBI:0002650]										
		OBI:0002651	Covid-19		Needle Biopsy [OBI:0002651]									
		OBI:0302885	Covid-19	Filtration [OBI:0302885]										
		GENEPIO:0100031	Covid-19		Air filtration [GENEPIO:0100031]									
		OBI:0600044	Covid-19	Lavage (medical wash) [OBI:0600044]										
		GENEPIO:0100032	Covid-19		Bronchoalveolar lavage (BAL) [GENEPIO:0100032]									
		GENEPIO:0100033	Covid-19		Gastric Lavage [GENEPIO:0100033]									
		NCIT:C15327	Covid-19	Lumbar Puncture [NCIT:C15327]										
		MMO:0000344	Covid-19	Necropsy [MMO:0000344]										
		NCIT:C28221	Covid-19	Phlebotomy [NCIT:C28221]										
		GENEPIO:0002116	Covid-19	Rinsing (wash) [GENEPIO:0002116]										
		GENEPIO:0100034	Covid-19		Saline gargle (mouth rinse and gargle) [GENEPIO:0100034]									
		GENEPIO:0100035	Covid-19	Scraping [GENEPIO:0100035]										
		GENEPIO:0002117	Covid-19	Swabbing [GENEPIO:0002117]										
		GENEPIO:0100036	Covid-19	Finger Prick [GENEPIO:0100036]										
		GENEPIO:0100038	Covid-19	Washout Tear Collection [GENEPIO:0100038]										
														
														
collection device menu	CollectionDeviceMenu	ENVO:00003968	Covid-19	Air filter [ENVO:00003968]										
		OBI:0002859	Covid-19	Blood Collection Tube [OBI:0002859]										
		OBI:0002826	Covid-19	Bronchoscope [OBI:0002826]										
		OBI:0002088	Covid-19	Collection Container [OBI:0002088]										
		GENEPIO:0100026	Covid-19	Collection Cup [GENEPIO:0100026]										
		OBI:0002825	Covid-19	Fibrobronchoscope Brush [OBI:0002825]										
		GENEPIO:0100103	Covid-19	Filter [GENEPIO:0100103]										
		OBI:0002827	Covid-19	Fine Needle [OBI:0002827]										
		OBI:0002858	Covid-19	Microcapillary tube [OBI:0002858]										
		OBI:0001128	Covid-19	Micropipette [OBI:0001128]										
		OBI:0000436	Covid-19	Needle [OBI:0000436]										
		OBI:0002860	Covid-19	Serum Collection Tube [OBI:0002860]										
		OBI:0002861	Covid-19	Sputum Collection Tube [OBI:0002861]										
		OBI:0002831	Covid-19	Suction Catheter [OBI:0002831]										
		GENEPIO:0100027	Covid-19	Swab [GENEPIO:0100027]										
		OBI:0002862	Covid-19	Urine Collection Tube [OBI:0002862]										
		OBI:0002866	Covid-19	Virus Transport Medium [OBI:0002866]										
														
														
host (scientific name) menu	HostScientificNameMenu	NCBITaxon:9913	Covid-19	Homo sapiens [NCBITaxon:9606]										
		NCBITaxon:9615	Covid-19	Bos taurus [NCBITaxon:9913]										
		NCBITaxon:9397	Covid-19	Canis lupus familiaris [NCBITaxon:9615]										
		NCBITaxon:8930	Covid-19	Chiroptera [NCBITaxon:9397]										
		NCBITaxon:9685	Covid-19	Columbidae [NCBITaxon:8930]										
		NCBITaxon:9031	Covid-19	Felis catus [NCBITaxon:9685]										
		NCBITaxon:9606	Covid-19	Gallus gallus [NCBITaxon:9031]										
		NCBITaxon:9973	Covid-19	Manis [NCBITaxon:9973]										
		NCBITaxon:9974	Covid-19	Manis javanica [NCBITaxon:9974]										
		NCBITaxon:452646	Covid-19	Neovison vison [NCBITaxon:452646]										
		NCBITaxon:9689	Covid-19	Panthera leo [NCBITaxon:9689]										
		NCBITaxon:9694	Covid-19	Panthera tigris [NCBITaxon:9694]										
		NCBITaxon:58055	Covid-19	Rhinolophidae [NCBITaxon:58055]										
		NCBITaxon:59477	Covid-19	Rhinolophus affinis [NCBITaxon:59477]										
		NCBITaxon:9825	Covid-19	Sus scrofa domesticus [NCBITaxon:9825]										
		NCBITaxon:9673	Covid-19	Viverridae [NCBITaxon:9673]										
														
														
host (common name) menu	HostCommonNameMenu	NCBITaxon:9605	Covid-19	Human [NCBITaxon:9606]										
		NCBITaxon:9397	Covid-19	Bat [NCBITaxon:9397]										
		NCBITaxon:9685	Covid-19	Cat [NCBITaxon:9685]										
		NCBITaxon:9031	Covid-19	Chicken [NCBITaxon:9031]										
		NCBITaxon:9673	Covid-19	Civets [NCBITaxon:9673]										
		NCBITaxon:9913	Covid-19	Cow [NCBITaxon:9913]										
		NCBITaxon:9615	Covid-19	Dog [NCBITaxon:9615]										
		NCBITaxon:9689	Covid-19	Lion [NCBITaxon:9689]										
		NCBITaxon:452646	Covid-19	Mink [NCBITaxon:452646]										
		NCBITaxon:9973	Covid-19	Pangolin [NCBITaxon:9973]										
		NCBITaxon:9825	Covid-19	Pig [NCBITaxon:9825]										
		NCBITaxon:8930	Covid-19	Pigeon [NCBITaxon:8930]										
		NCBITaxon:9694	Covid-19	Tiger [NCBITaxon:9694]										
														
														
host health state menu	HostHealthStateMenu	NCIT:C3833	Covid-19	Asymptomatic [NCIT:C3833]										
		NCIT:C28554	Covid-19	Deceased [NCIT:C28554]										
		NCIT:C115935	Covid-19	Healthy [NCIT:C115935]										
		NCIT:C49498	Covid-19	Recovered [NCIT:C49498]										
		NCIT:C25269	Covid-19	Symptomatic [NCIT:C25269]										
														
														
host health status details menu	HostHealthStatusDetailsMenu	NCIT:C25179	Covid-19	Hospitalized [NCIT:C25179]										
		GENEPIO:0100045	Covid-19		Hospitalized (Non-ICU) [GENEPIO:0100045]									
		GENEPIO:0100046	Covid-19		Hospitalized (ICU) [GENEPIO:0100046]									
		NCIT:C70909	Covid-19	Mechanical Ventilation [NCIT:C70909]										
		GENEPIO:0100047	Covid-19	Medically Isolated [GENEPIO:0100047]										
		GENEPIO:0100048	Covid-19		Medically Isolated (Negative Pressure) [GENEPIO:0100048]									
		NCIT:C173768	Covid-19	Self-quarantining [NCIT:C173768]										
														
														
host health outcome menu	HostHealthOutcomeMenu	NCIT:C28554	Covid-19	Deceased [NCIT:C28554]										
		NCIT:C25254	Covid-19	Deteriorating [NCIT:C25254]										
		NCIT:C49498	Covid-19	Recovered [NCIT:C49498]										
		NCIT:C30103	Covid-19	Stable [NCIT:C30103]										
														
														
organism menu	OrganismMenu	NCBITaxon:2697049	Covid-19	Severe acute respiratory syndrome coronavirus 2 [NCBITaxon:2697049]										
		NCBITaxon:2709072	Covid-19	RaTG13 [NCBITaxon:2709072]										
		GENEPIO:0100000	Covid-19	RmYN02 [GENEPIO:0100000]										
														
														
purpose of sampling menu	PurposeOfSamplingMenu	GENEPIO:0100001	Covid-19	Cluster/Outbreak investigation [GENEPIO:0100001]										
		GENEPIO:0100002	Covid-19	Diagnostic testing [GENEPIO:0100002]										
		GENEPIO:0100003	Covid-19	Research [GENEPIO:0100003]										
		GENEPIO:0100024	Covid-19		Protocol testing [GENEPIO:0100024]									
		GENEPIO:0100004	Covid-19	Surveillance [GENEPIO:0100004]										
														
														
purpose of sequencing menu	PurposeOfSequencingMenu	GENEPIO:0100005	Covid-19	Baseline surveillance (random sampling) [GENEPIO:0100005]										
		GENEPIO:0100006	Covid-19	Targeted surveillance (non-random sampling) [GENEPIO:0100006]										
		GENEPIO:0100007	Covid-19		Priority surveillance project [GENEPIO:0100007]									
		GENEPIO:0100008	Covid-19			Screening for Variants of Concern (VoC) [GENEPIO:0100008]								
		GENEPIO:0100273	Covid-19				Sample has epidemiological link to Variant of Concern (VoC) [GENEPIO:0100273]							
		GENEPIO:0100274	Covid-19					Sample has epidemiological link to Omicron Variant [GENEPIO:0100274]						
		GENEPIO:0100009	Covid-19			Longitudinal surveillance (repeat sampling of individuals) [GENEPIO:0100009]								
		GENEPIO:0100010	Covid-19			Re-infection surveillance [GENEPIO:0100010]								
		GENEPIO:0100011	Covid-19			Vaccine escape surveillance [GENEPIO:0100011]								
		GENEPIO:0100012	Covid-19			Travel-associated surveillance [GENEPIO:0100012]								
		GENEPIO:0100013	Covid-19				Domestic travel surveillance [GENEPIO:0100013]							
		GENEPIO:0100275	Covid-19					Interstate/ interprovincial travel surveillance [GENEPIO:0100275]						
		GENEPIO:0100276	Covid-19					Intra-state/ intra-provincial travel surveillance [GENEPIO:0100276]						
		GENEPIO:0100014	Covid-19				International travel surveillance [GENEPIO:0100014]							
		GENEPIO:0100015	Covid-19					Surveillance of international border crossing by air travel or ground transport [GENEPIO:0100015]						
		GENEPIO:0100016	Covid-19					Surveillance of international border crossing by air travel [GENEPIO:0100016]						
		GENEPIO:0100017	Covid-19					Surveillance of international border crossing by ground transport [GENEPIO:0100017]						
		GENEPIO:0100018	Covid-19					Surveillance from international worker testing [GENEPIO:0100018]						
		GENEPIO:0100019	Covid-19	Cluster/Outbreak investigation [GENEPIO:0100019]										
		GENEPIO:0100020	Covid-19		Multi-jurisdictional outbreak investigation [GENEPIO:0100020]									
		GENEPIO:0100021	Covid-19		Intra-jurisdictional outbreak investigation [GENEPIO:0100021]									
		GENEPIO:0100022	Covid-19	Research [GENEPIO:0100022]										
		GENEPIO:0100023	Covid-19		Viral passage experiment [GENEPIO:0100023]									
		GENEPIO:0100024	Covid-19		Protocol testing experiment [GENEPIO:0100024]									
		GENEPIO:0100356		Retrospective sequencing [GENEPIO:0100356]										
														
														
specimen processing menu	SpecimenProcessingMenu	GENEPIO:0100039	Covid-19	Virus passage [GENEPIO:0100039]										
		GENEPIO:0100040	Covid-19	RNA re-extraction (post RT-PCR) [GENEPIO:0100040]										
		OBI:0600016	Covid-19	Specimens pooled [OBI:0600016]										
		EFO:0002090	Covid-19	Technical replicate [EFO:0002090]										
														
														
lab host menu	LabHostMenu	GENEPIO:0100041	Covid-19	293/ACE2 cell line [GENEPIO:0100041]										
		BTO:0000195	Covid-19	Caco2 cell line [BTO:0000195]										
		BTO:0002750	Covid-19	Calu3 cell line [BTO:0002750]										
		GENEPIO:0100042	Covid-19	EFK3B cell line [GENEPIO:0100042]										
		BTO:0002181	Covid-19	HEK293T cell line [BTO:0002181]										
		GENEPIO:0100043	Covid-19	HRCE cell line [GENEPIO:0100043]										
		BTO:0001950	Covid-19	Huh7 cell line [BTO:0001950]										
		CLO:0007330	Covid-19	LLCMk2 cell line [CLO:0007330]										
		BTO:0000836	Covid-19	MDBK cell line [BTO:0000836]										
		BTO:0002924	Covid-19	NHBE cell line [BTO:0002924]										
		BTO:0001865	Covid-19	PK-15 cell line [BTO:0001865]										
		BTO:0002909	Covid-19	RK-13 cell line [BTO:0002909]										
		BTO:0002035	Covid-19	U251 cell line [BTO:0002035]										
		BTO:0001444	Covid-19	Vero cell line [BTO:0001444]										
		BTO:0004755	Covid-19		Vero E6 cell line [BTO:0004755]									
		GENEPIO:0100044	Covid-19			VeroE6/TMPRSS2 cell line [GENEPIO:0100044]								
														
														
host disease menu	HostDiseaseMenu	MONDO:0100096	Covid-19	COVID-19 [MONDO:0100096]										
														
														
host age bin menu	HostAgeBinMenu	GENEPIO:0100049	Covid-19	0 - 9 [GENEPIO:0100049]										
		GENEPIO:0100050	Covid-19	10 - 19 [GENEPIO:0100050]										
		GENEPIO:0100051	Covid-19	20 - 29 [GENEPIO:0100051]										
		GENEPIO:0100052	Covid-19	30 - 39 [GENEPIO:0100052]										
		GENEPIO:0100053	Covid-19	40 - 49 [GENEPIO:0100053]										
		GENEPIO:0100054	Covid-19	50 - 59 [GENEPIO:0100054]										
		GENEPIO:0100055	Covid-19	60 - 69 [GENEPIO:0100055]										
		GENEPIO:0100056	Covid-19	70 - 79 [GENEPIO:0100056]										
		GENEPIO:0100057	Covid-19	80 - 89 [GENEPIO:0100057]										
		GENEPIO:0100058	Covid-19	90 - 99 [GENEPIO:0100058]										
		GENEPIO:0100059	Covid-19	100+ [GENEPIO:0100059]										
														
														
host gender menu	HostGenderMenu	NCIT:C46110	Covid-19	Female [NCIT:C46110]										
		NCIT:C46109	Covid-19	Male [NCIT:C46109]										
		GSSO:000132	Covid-19	Non-binary gender [GSSO:000132]										
		GSSO:004004	Covid-19	Transgender (assigned male at birth) [GSSO:004004]										
		GSSO:004005	Covid-19	Transgender (assigned female at birth) [GSSO:004005]										
		NCIT:C110959	Covid-19	Undeclared [NCIT:C110959]										
														
														
exposure event menu	ExposureEventMenu	GENEPIO:0100237	Covid-19	Mass Gathering [GENEPIO:0100237]										
		GENEPIO:0100238	Covid-19		Convention [GENEPIO:0100238]									
		GENEPIO:0100239	Covid-19		Convocation [GENEPIO:0100239]									
		GENEPIO:0100240	Covid-19		Agricultural Event [GENEPIO:0100240]									
		GENEPIO:0100241	Covid-19	Religious Gathering [GENEPIO:0100241]										
		GENEPIO:0100242	Covid-19		Mass [GENEPIO:0100242]									
		PCO:0000033	Covid-19	Social Gathering [PCO:0000033]										
		PCO:0000039	Covid-19		Baby Shower [PCO:0000039]									
		PCO:0000034	Covid-19		Community Event [PCO:0000034]									
		GENEPIO:0100243	Covid-19		Family Gathering [GENEPIO:0100243]									
		GENEPIO:0100244	Covid-19			Family Reunion [GENEPIO:0100244]								
		GENEPIO:0100245	Covid-19		Funeral [GENEPIO:0100245]									
		PCO:0000035	Covid-19		Party [PCO:0000035]									
		PCO:0000037	Covid-19		Potluck [PCO:0000037]									
		PCO:0000038	Covid-19		Wedding [PCO:0000038]									
				Other exposure event										
														
														
exposure contact level menu	ExposureContactLevelMenu	GENEPIO:0100357	Covid-19	Contact with infected individual										
		TRANS:0000001	Covid-19		Direct (human-to-human contact) [TRANS:0000001]									
		GENEPIO:0100246	Covid-19		Indirect contact [GENEPIO:0100246]									
		GENEPIO:0100247	Covid-19			Close contact (face-to-face contact) [GENEPIO:0100247]								
		GENEPIO:0100248	Covid-19			Casual contact [GENEPIO:0100248]								
														
														
host role menu	HostRoleMenu	GENEPIO:0100249	Covid-19	Attendee [GENEPIO:0100249]										
		OMRSE:00000058	Covid-19		Student [OMRSE:00000058]									
		OMRSE:00000030	Covid-19	Patient [OMRSE:00000030]										
		NCIT:C25182	Covid-19		Inpatient [NCIT:C25182]									
		NCIT:C28293	Covid-19		Outpatient [NCIT:C28293]									
		GENEPIO:0100250	Covid-19	Passenger [GENEPIO:0100250]										
		GENEPIO:0100251	Covid-19	Resident [GENEPIO:0100251]										
		GENEPIO:0100252	Covid-19	Visitor [GENEPIO:0100252]										
		GENEPIO:0100253	Covid-19	Volunteer [GENEPIO:0100253]										
		GENEPIO:0100254	Covid-19	Work [GENEPIO:0100254]										
		GENEPIO:0100255	Covid-19		Administrator [GENEPIO:0100255]									
		GENEPIO:0100256	Covid-19		First Responder [GENEPIO:0100256]									
		GENEPIO:0100257	Covid-19			Firefighter [GENEPIO:0100257]								
		GENEPIO:0100258	Covid-19			Paramedic [GENEPIO:0100258]								
		GENEPIO:0100259	Covid-19			Police Officer [GENEPIO:0100259]								
		GENEPIO:0100260	Covid-19		Housekeeper [GENEPIO:0100260]									
		GENEPIO:0100261	Covid-19		Kitchen Worker [GENEPIO:0100261]									
		GENEPIO:0100334	Covid-19		Healthcare Worker [GENEPIO:0100334]									
		GENEPIO:0100420	Covid-19			Community Healthcare Worker [GENEPIO:0100420]								
		GENEPIO:0100262	Covid-19			Laboratory Worker [GENEPIO:0100262]								
		OMRSE:00000014	Covid-19			Nurse [OMRSE:00000014]								
		GENEPIO:0100263	Covid-19			Personal Care Aid [GENEPIO:0100263]								
		GENEPIO:0100264	Covid-19			Pharmacist [GENEPIO:0100264]								
		OMRSE:00000013	Covid-19			Physician [OMRSE:00000013]								
		GENEPIO:0100354	Covid-19		Rotational Worker [GENEPIO:0100354]									
		GENEPIO:0100355	Covid-19		Seasonal Worker [GENEPIO:0100355]									
		GENEPIO:0100265	Covid-19		Veterinarian [GENEPIO:0100265]									
		OMRSE:00000001	Covid-19	Social role [OMRSE:00000001]										
		GENEPIO:0100266	Covid-19		Acquaintance of case [GENEPIO:0100266]									
		GENEPIO:0100267	Covid-19		Relative of case [GENEPIO:0100267]									
		GENEPIO:0100268	Covid-19			Child of case [GENEPIO:0100268]								
		GENEPIO:0100269	Covid-19			Parent of case [GENEPIO:0100269]								
		GENEPIO:0100270	Covid-19				Father of case [GENEPIO:0100270]							
		GENEPIO:0100271	Covid-19				Mother of case [GENEPIO:0100271]							
		GENEPIO:0100272	Covid-19		Spouse of case [GENEPIO:0100272]									
				Other Host Role										
														
														
exposure setting menu	ExposureSettingMenu	ECTO:3000005	Covid-19	Human Exposure [ECTO:3000005]										
		GENEPIO:0100184	Covid-19		Contact with Known COVID-19 Case [GENEPIO:0100184]									
		GENEPIO:0100185	Covid-19		Contact with Patient [GENEPIO:0100185]									
		GENEPIO:0100186	Covid-19		Contact with Probable COVID-19 Case [GENEPIO:0100186]									
		GENEPIO:0100187	Covid-19		Contact with Person with Acute Respiratory Illness [GENEPIO:0100187]									
		GENEPIO:0100188	Covid-19		Contact with Person with Fever and/or Cough [GENEPIO:0100188]									
		GENEPIO:0100189	Covid-19		Contact with Person who Recently Travelled [GENEPIO:0100189]									
		GENEPIO:0100190	Covid-19	Occupational, Residency or Patronage Exposure [GENEPIO:0100190]										
		ECTO:1000033	Covid-19		Abbatoir [ECTO:1000033]									
		GENEPIO:0100191	Covid-19		Animal Rescue [GENEPIO:0100191]									
		GENEPIO:0100192	Covid-19		Childcare [GENEPIO:0100192]									
		GENEPIO:0100193	Covid-19			Daycare [GENEPIO:0100193]								
		GENEPIO:0100194	Covid-19			Nursery [GENEPIO:0100194]								
		GENEPIO:0100195	Covid-19		Community Service Centre [GENEPIO:0100195]									
		GENEPIO:0100196	Covid-19		Correctional Facility [GENEPIO:0100196]									
		GENEPIO:0100197	Covid-19		Dormitory [GENEPIO:0100197]									
		ECTO:1000034	Covid-19		Farm [ECTO:1000034]									
		GENEPIO:0100198	Covid-19		First Nations Reserve [GENEPIO:0100198]									
		GENEPIO:0100199	Covid-19		Funeral Home [GENEPIO:0100199]									
		GENEPIO:0100200	Covid-19		Group Home [GENEPIO:0100200]									
		GENEPIO:0100201	Covid-19		Healthcare Setting [GENEPIO:0100201]									
		GENEPIO:0100202	Covid-19			Ambulance [GENEPIO:0100202]								
		GENEPIO:0100203	Covid-19			Acute Care Facility [GENEPIO:0100203]								
		GENEPIO:0100204	Covid-19			Clinic [GENEPIO:0100204]								
		GENEPIO:0100415	Covid-19			Community Healthcare (At-Home) Setting [GENEPIO:0100415]								
		GENEPIO:0100205	Covid-19			Community Health Centre [GENEPIO:0100205]								
		ECTO:1000035	Covid-19			Hospital [ECTO:1000035]								
		GENEPIO:0100206	Covid-19				Emergency Department [GENEPIO:0100206]							
		GENEPIO:0100207	Covid-19				ICU [GENEPIO:0100207]							
		GENEPIO:0100208	Covid-19				Ward [GENEPIO:0100208]							
		ECTO:1000036	Covid-19			Laboratory [ECTO:1000036]								
		GENEPIO:0100209	Covid-19			Long-Term Care Facility [GENEPIO:0100209]								
		GENEPIO:0100210	Covid-19			Pharmacy [GENEPIO:0100210]								
		GENEPIO:0100211	Covid-19			Physician's Office [GENEPIO:0100211]								
		GENEPIO:0100212	Covid-19		Household [GENEPIO:0100212]									
		GENEPIO:0100213	Covid-19		Insecure Housing (Homeless) [GENEPIO:0100213]									
		GENEPIO:0100214	Covid-19		Occupational Exposure [GENEPIO:0100214]									
		GENEPIO:0100215	Covid-19			Worksite [GENEPIO:0100215]								
		ECTO:1000037	Covid-19				Office [ECTO:1000037]							
		GENEPIO:0100216	Covid-19		Outdoors [GENEPIO:0100216]									
		ECTO:5000009	Covid-19			Camp/camping [ECTO:5000009]								
		GENEPIO:0100217	Covid-19			Hiking Trail [GENEPIO:0100217]								
		ECTO:6000030	Covid-19			Hunting Ground [ECTO:6000030]								
		GENEPIO:0100218	Covid-19			Ski Resort [GENEPIO:0100218]								
		ECTO:5000008	Covid-19		Petting zoo [ECTO:5000008]									
		GENEPIO:0100220	Covid-19		Place of Worship [GENEPIO:0100220]									
		GENEPIO:0100221	Covid-19			Church [GENEPIO:0100221]								
		GENEPIO:0100222	Covid-19			Mosque [GENEPIO:0100222]								
		GENEPIO:0100223	Covid-19			Temple [GENEPIO:0100223]								
		ECTO:1000040	Covid-19		Restaurant [ECTO:1000040]									
		ECTO:1000041	Covid-19		Retail Store [ECTO:1000041]									
		GENEPIO:0100224	Covid-19		School [GENEPIO:0100224]									
		GENEPIO:0100225	Covid-19		Temporary Residence [GENEPIO:0100225]									
		GENEPIO:0100226	Covid-19			Homeless Shelter [GENEPIO:0100226]								
		GENEPIO:0100227	Covid-19			Hotel [GENEPIO:0100227]								
		GENEPIO:0100228	Covid-19		Veterinary Care Clinic [GENEPIO:0100228]									
		GENEPIO:0100229	Covid-19	Travel Exposure [GENEPIO:0100229]										
		GENEPIO:0100230	Covid-19		Travelled on a Cruise Ship [GENEPIO:0100230]									
		GENEPIO:0100231	Covid-19		Travelled on a Plane [GENEPIO:0100231]									
		GENEPIO:0100232	Covid-19		Travelled on Ground Transport [GENEPIO:0100232]									
		GENEPIO:0001118	Covid-19		Travelled outside Province/Territory [GENEPIO:0001118]									
		GENEPIO:0001119	Covid-19		Travelled outside Canada [GENEPIO:0001119]									
		GENEPIO:0100235	Covid-19	Other Exposure Setting [GENEPIO:0100235]										
														
														
prior SARS-CoV-2 antiviral treatment menu	PriorSarsCov2AntiviralTreatmentMenu	GENEPIO:0100037	Covid-19	Prior antiviral treatment [GENEPIO:0100037]										
		GENEPIO:0100233	Covid-19	No prior antiviral treatment [GENEPIO:0100233]										
														
														
prior SARS-CoV-2 infection menu	PriorSarsCov2InfectionMenu	GENEPIO:0100234	Covid-19	Prior infection [GENEPIO:0100234]										
		GENEPIO:0100236	Covid-19	No prior infection [GENEPIO:0100236]										
														
														
sequencing instrument menu	SequencingInstrumentMenu	GENEPIO:0100105	Covid-19	Illumina sequencing instrument [GENEPIO:0100105]								platform:ILLUMINA		
		GENEPIO:0100106	Covid-19		Illumina Genome Analyzer [GENEPIO:0100106]							platform:ILLUMINA;instrument_model:Illumina Genome Analyzer		
		GENEPIO:0100107	Covid-19			Illumina Genome Analyzer II [GENEPIO:0100107]						platform:ILLUMINA;instrument_model:Illumina Genome Analyzer II		
		GENEPIO:0100108	Covid-19			Illumina Genome Analyzer IIx [GENEPIO:0100108]						platform:ILLUMINA;instrument_model:Illumina Genome Analyzer IIx		
		GENEPIO:0100109	Covid-19		Illumina HiScanSQ [GENEPIO:0100109]							platform:ILLUMINA;instrument_model:Illumina HiScanSQ		
		GENEPIO:0100110	Covid-19		Illumina HiSeq [GENEPIO:0100110]							platform:ILLUMINA		
		GENEPIO:0100111	Covid-19			Illumina HiSeq X [GENEPIO:0100111]						platform:ILLUMINA		
		GENEPIO:0100112	Covid-19				Illumina HiSeq X Five [GENEPIO:0100112]					platform:ILLUMINA;instrument_model: Illumina HiSeq X Five		
		GENEPIO:0100113	Covid-19				Illumina HiSeq X Ten [GENEPIO:0100113]					platform:ILLUMINA;instrument_model:Illumina HiSeq X Ten		
		GENEPIO:0100114	Covid-19			Illumina HiSeq 1000 [GENEPIO:0100114]						platform:ILLUMINA;instrument_model:Illumina HiSeq 1000		
		GENEPIO:0100115	Covid-19			Illumina HiSeq 1500 [GENEPIO:0100115]						platform:ILLUMINA		
		GENEPIO:0100116	Covid-19			Illumina HiSeq 2000 [GENEPIO:0100116]						platform:ILLUMINA;instrument_model:Illumina HiSeq 2000		
		GENEPIO:0100117	Covid-19			Illumina HiSeq 2500 [GENEPIO:0100117]						platform:ILLUMINA;instrument_model:Illumina HiSeq 2500		
		GENEPIO:0100118	Covid-19			Illumina HiSeq 3000 [GENEPIO:0100118]						platform:ILLUMINA		
		GENEPIO:0100119	Covid-19			Illumina HiSeq 4000 [GENEPIO:0100119]						platform:ILLUMINA		
		GENEPIO:0100120	Covid-19		Illumina iSeq [GENEPIO:0100120]							platform:ILLUMINA		
		GENEPIO:0100121	Covid-19			Illumina iSeq 100 [GENEPIO:0100121]						platform:ILLUMINA		
		GENEPIO:0100122	Covid-19		Illumina NovaSeq [GENEPIO:0100122]							platform:ILLUMINA		
		GENEPIO:0100123	Covid-19			Illumina NovaSeq 6000 [GENEPIO:0100123]						platform:ILLUMINA		
		GENEPIO:0100124	Covid-19		Illumina MiniSeq [GENEPIO:0100124]							platform:ILLUMINA		
		GENEPIO:0100125	Covid-19		Illumina MiSeq [GENEPIO:0100125]							platform:ILLUMINA;instrument_model:Illumina MiSeq		
		GENEPIO:0100126	Covid-19		Illumina NextSeq [GENEPIO:0100126]							platform:ILLUMINA		
		GENEPIO:0100127	Covid-19			Illumina NextSeq 500 [GENEPIO:0100127]						platform:ILLUMINA;instrument_model:Illumina NextSeq 500		
		GENEPIO:0100128	Covid-19			Illumina NextSeq 550 [GENEPIO:0100128]						platform:ILLUMINA		
		GENEPIO:0100129	Covid-19			Illumina NextSeq 2000 [GENEPIO:0100129]								
		GENEPIO:0100130	Covid-19	Pacific Biosciences sequencing instrument [GENEPIO:0100130]								platform:PACBIO_SMRT		
		GENEPIO:0100131	Covid-19		PacBio RS [GENEPIO:0100131]							platform:PACBIO_SMRT;instrument_model:PacBio RS		
		GENEPIO:0100132	Covid-19		PacBio RS II [GENEPIO:0100132]							platform:PACBIO_SMRT;instrument_model:PacBio RS II		
		GENEPIO:0100133	Covid-19		PacBio Sequel [GENEPIO:0100133]							platform:PACBIO_SMRT		
		GENEPIO:0100134	Covid-19		PacBio Sequel II [GENEPIO:0100134]							platform:PACBIO_SMRT		
		GENEPIO:0100135	Covid-19	Ion Torrent sequencing instrument [GENEPIO:0100135]								platform:ION_TORRENT		
		GENEPIO:0100136	Covid-19		Ion Torrent PGM [GENEPIO:0100136]							platform:ION_TORRENT;instrument_model:Ion Torrent PGM		
		GENEPIO:0100137	Covid-19		Ion Torrent Proton [GENEPIO:0100137]							platform:ION_TORRENT;instrument_model:Ion Torrent Proton		
		GENEPIO:0100138	Covid-19		Ion Torrent S5 XL [GENEPIO:0100138]							platform:ION_TORRENT		
		GENEPIO:0100139	Covid-19		Ion Torrent S5 [GENEPIO:0100139]							platform:ION_TORRENT		
		GENEPIO:0100140	Covid-19	Oxford Nanopore sequencing instrument [GENEPIO:0100140]								platform:OXFORD_NANOPORE		
		GENEPIO:0100141	Covid-19		Oxford Nanopore GridION [GENEPIO:0100141]							platform:OXFORD_NANOPORE;instrument_model:GridION		
		GENEPIO:0100142	Covid-19		Oxford Nanopore MinION [GENEPIO:0100142]							platform:OXFORD_NANOPORE;instrument_model:MinION		
		GENEPIO:0100143	Covid-19		Oxford Nanopore PromethION [GENEPIO:0100143]							platform:OXFORD_NANOPORE		
		GENEPIO:0100144	Covid-19	BGI Genomics sequencing instrument [GENEPIO:0100144]										
		GENEPIO:0100145	Covid-19		BGI Genomics BGISEQ-500 [GENEPIO:0100145]									
		GENEPIO:0100146	Covid-19	MGI sequencing instrument [GENEPIO:0100146]										
		GENEPIO:0100147	Covid-19		MGI DNBSEQ-T7 [GENEPIO:0100147]									
		GENEPIO:0100148	Covid-19		MGI DNBSEQ-G400 [GENEPIO:0100148]									
		GENEPIO:0100149	Covid-19		MGI DNBSEQ-G400RS FAST [GENEPIO:0100149]									
		GENEPIO:0100150	Covid-19		MGI DNBSEQ-G50 [GENEPIO:0100150]									
														
														
gene name menu	GeneNameMenu	GENEPIO:0100151	Covid-19	E gene (orf4) [GENEPIO:0100151]										
		GENEPIO:0100152	Covid-19	M gene (orf5) [GENEPIO:0100152]										
		GENEPIO:0100153	Covid-19	N gene (orf9) [GENEPIO:0100153]										
		GENEPIO:0100154	Covid-19	Spike gene (orf2) [GENEPIO:0100154]										
		GENEPIO:0100155	Covid-19	orf1ab (rep) [GENEPIO:0100155]										
		GENEPIO:0100156	Covid-19		orf1a (pp1a) [GENEPIO:0100156]									
		GENEPIO:0100157	Covid-19			nsp11 [GENEPIO:0100157]								
		GENEPIO:0100158	Covid-19		nsp1 [GENEPIO:0100158]									
		GENEPIO:0100159	Covid-19		nsp2 [GENEPIO:0100159]									
		GENEPIO:0100160	Covid-19		nsp3 [GENEPIO:0100160]									
		GENEPIO:0100161	Covid-19		nsp4 [GENEPIO:0100161]									
		GENEPIO:0100162	Covid-19		nsp5 [GENEPIO:0100162]									
		GENEPIO:0100163	Covid-19		nsp6 [GENEPIO:0100163]									
		GENEPIO:0100164	Covid-19		nsp7 [GENEPIO:0100164]									
		GENEPIO:0100165	Covid-19		nsp8 [GENEPIO:0100165]									
		GENEPIO:0100166	Covid-19		nsp9 [GENEPIO:0100166]									
		GENEPIO:0100167	Covid-19		nsp10 [GENEPIO:0100167]									
		GENEPIO:0100168	Covid-19		RdRp gene (nsp12) [GENEPIO:0100168]									
		GENEPIO:0100169	Covid-19		hel gene (nsp13) [GENEPIO:0100169]									
		GENEPIO:0100170	Covid-19		exoN gene (nsp14) [GENEPIO:0100170]									
		GENEPIO:0100171	Covid-19		nsp15 [GENEPIO:0100171]									
		GENEPIO:0100172	Covid-19		nsp16 [GENEPIO:0100172]									
		GENEPIO:0100173	Covid-19	orf3a [GENEPIO:0100173]										
		GENEPIO:0100174	Covid-19	orf3b [GENEPIO:0100174]										
		GENEPIO:0100175	Covid-19	orf6 (ns6) [GENEPIO:0100175]										
		GENEPIO:0100176	Covid-19	orf7a [GENEPIO:0100176]										
		GENEPIO:0100177	Covid-19	orf7b (ns7b) [GENEPIO:0100177]										
		GENEPIO:0100178	Covid-19	orf8 (ns8) [GENEPIO:0100178]										
		GENEPIO:0100179	Covid-19	orf9b [GENEPIO:0100179]										
		GENEPIO:0100180	Covid-19	orf9c [GENEPIO:0100180]										
		GENEPIO:0100181	Covid-19	orf10 [GENEPIO:0100181]										
		GENEPIO:0100182	Covid-19	orf14 [GENEPIO:0100182]										
		GENEPIO:0100183	Covid-19	SARS-COV-2 5' UTR [GENEPIO:0100183]										
														
														
geo_loc_name (country) menu	GeoLocNameCountryMenu	GAZ:00006882	Covid-19	Afghanistan [GAZ:00006882]										
		GAZ:00002953	Covid-19	Albania [GAZ:00002953]										
		GAZ:00000563	Covid-19	Algeria [GAZ:00000563]										
		GAZ:00003957	Covid-19	American Samoa [GAZ:00003957]										
		GAZ:00002948	Covid-19	Andorra [GAZ:00002948]										
		GAZ:00001095	Covid-19	Angola [GAZ:00001095]										
		GAZ:00009159	Covid-19	Anguilla [GAZ:00009159]										
		GAZ:00000462	Covid-19	Antarctica [GAZ:00000462]										
		GAZ:00006883	Covid-19	Antigua and Barbuda [GAZ:00006883]										
		GAZ:00002928	Covid-19	Argentina [GAZ:00002928]										
		GAZ:00004094	Covid-19	Armenia [GAZ:00004094]										
		GAZ:00004025	Covid-19	Aruba [GAZ:00004025]										
		GAZ:00005901	Covid-19	Ashmore and Cartier Islands [GAZ:00005901]										
		GAZ:00000463	Covid-19	Australia [GAZ:00000463]										
		GAZ:00002942	Covid-19	Austria [GAZ:00002942]										
		GAZ:00004941	Covid-19	Azerbaijan [GAZ:00004941]										
		GAZ:00002733	Covid-19	Bahamas [GAZ:00002733]										
		GAZ:00005281	Covid-19	Bahrain [GAZ:00005281]										
		GAZ:00007117	Covid-19	Baker Island [GAZ:00007117]										
		GAZ:00003750	Covid-19	Bangladesh [GAZ:00003750]										
		GAZ:00001251	Covid-19	Barbados [GAZ:00001251]										
		GAZ:00005810	Covid-19	Bassas da India [GAZ:00005810]										
		GAZ:00006886	Covid-19	Belarus [GAZ:00006886]										
		GAZ:00002938	Covid-19	Belgium [GAZ:00002938]										
		GAZ:00002934	Covid-19	Belize [GAZ:00002934]										
		GAZ:00000904	Covid-19	Benin [GAZ:00000904]										
		GAZ:00001264	Covid-19	Bermuda [GAZ:00001264]										
		GAZ:00003920	Covid-19	Bhutan [GAZ:00003920]										
		GAZ:00002511	Covid-19	Bolivia [GAZ:00002511]										
		GAZ:00025355	Covid-19	Borneo [GAZ:00025355]										
		GAZ:00006887	Covid-19	Bosnia and Herzegovina [GAZ:00006887]										
		GAZ:00001097	Covid-19	Botswana [GAZ:00001097]										
		GAZ:00001453	Covid-19	Bouvet Island [GAZ:00001453]										
		GAZ:00002828	Covid-19	Brazil [GAZ:00002828]										
		GAZ:00003961	Covid-19	British Virgin Islands [GAZ:00003961]										
		GAZ:00003901	Covid-19	Brunei [GAZ:00003901]										
		GAZ:00002950	Covid-19	Bulgaria [GAZ:00002950]										
		GAZ:00000905	Covid-19	Burkina Faso [GAZ:00000905]										
		GAZ:00001090	Covid-19	Burundi [GAZ:00001090]										
		GAZ:00006888	Covid-19	Cambodia [GAZ:00006888]										
		GAZ:00001093	Covid-19	Cameroon [GAZ:00001093]										
		GAZ:00002560	Covid-19	Canada [GAZ:00002560]										
		GAZ:00001227	Covid-19	Cape Verde [GAZ:00001227]										
		GAZ:00003986	Covid-19	Cayman Islands [GAZ:00003986]										
		GAZ:00001089	Covid-19	Central African Republic [GAZ:00001089]										
		GAZ:00000586	Covid-19	Chad [GAZ:00000586]										
		GAZ:00002825	Covid-19	Chile [GAZ:00002825]										
		GAZ:00002845	Covid-19	China [GAZ:00002845]										
		GAZ:00005915	Covid-19	Christmas Island [GAZ:00005915]										
		GAZ:00005838	Covid-19	Clipperton Island [GAZ:00005838]										
		GAZ:00009721	Covid-19	Cocos Islands [GAZ:00009721]										
		GAZ:00002929	Covid-19	Colombia [GAZ:00002929]										
		GAZ:00005820	Covid-19	Comoros [GAZ:00005820]										
		GAZ:00053798	Covid-19	Cook Islands [GAZ:00053798]										
		GAZ:00005917	Covid-19	Coral Sea Islands [GAZ:00005917]										
		GAZ:00002901	Covid-19	Costa Rica [GAZ:00002901]										
		GAZ:00000906	Covid-19	Cote d'Ivoire [GAZ:00000906]										
		GAZ:00002719	Covid-19	Croatia [GAZ:00002719]										
		GAZ:00003762	Covid-19	Cuba [GAZ:00003762]										
		GAZ:00012582	Covid-19	Curacao [GAZ:00012582]										
		GAZ:00004006	Covid-19	Cyprus [GAZ:00004006]										
		GAZ:00002954	Covid-19	Czech Republic [GAZ:00002954]										
		GAZ:00001086	Covid-19	Democratic Republic of the Congo [GAZ:00001086]										
		GAZ:00005852	Covid-19	Denmark [GAZ:00005852]										
		GAZ:00000582	Covid-19	Djibouti [GAZ:00000582]										
		GAZ:00006890	Covid-19	Dominica [GAZ:00006890]										
		GAZ:00003952	Covid-19	Dominican Republic [GAZ:00003952]										
		GAZ:00002912	Covid-19	Ecuador [GAZ:00002912]										
		GAZ:00003934	Covid-19	Egypt [GAZ:00003934]										
		GAZ:00002935	Covid-19	El Salvador [GAZ:00002935]										
		GAZ:00001091	Covid-19	Equatorial Guinea [GAZ:00001091]										
		GAZ:00000581	Covid-19	Eritrea [GAZ:00000581]										
		GAZ:00002959	Covid-19	Estonia [GAZ:00002959]										
		GAZ:00001099	Covid-19	Eswatini [GAZ:00001099]										
		GAZ:00000567	Covid-19	Ethiopia [GAZ:00000567]										
		GAZ:00005811	Covid-19	Europa Island [GAZ:00005811]										
		GAZ:00001412	Covid-19	Falkland Islands (Islas Malvinas) [GAZ:00001412]										
		GAZ:00059206	Covid-19	Faroe Islands [GAZ:00059206]										
		GAZ:00006891	Covid-19	Fiji [GAZ:00006891]										
		GAZ:00002937	Covid-19	Finland [GAZ:00002937]										
		GAZ:00003940	Covid-19	France [GAZ:00003940]										
		GAZ:00002516	Covid-19	French Guiana [GAZ:00002516]										
		GAZ:00002918	Covid-19	French Polynesia [GAZ:00002918]										
		GAZ:00003753	Covid-19	French Southern and Antarctic Lands [GAZ:00003753]										
		GAZ:00001092	Covid-19	Gabon [GAZ:00001092]										
		GAZ:00000907	Covid-19	Gambia [GAZ:00000907]										
		GAZ:00009571	Covid-19	Gaza Strip [GAZ:00009571]										
		GAZ:00004942	Covid-19	Georgia [GAZ:00004942]										
		GAZ:00002646	Covid-19	Germany [GAZ:00002646]										
		GAZ:00000908	Covid-19	Ghana [GAZ:00000908]										
		GAZ:00003987	Covid-19	Gibraltar [GAZ:00003987]										
		GAZ:00005808	Covid-19	Glorioso Islands [GAZ:00005808]										
		GAZ:00002945	Covid-19	Greece [GAZ:00002945]										
		GAZ:00001507	Covid-19	Greenland [GAZ:00001507]										
		GAZ:02000573	Covid-19	Grenada [GAZ:02000573]										
		GAZ:00067142	Covid-19	Guadeloupe [GAZ:00067142]										
		GAZ:00003706	Covid-19	Guam [GAZ:00003706]										
		GAZ:00002936	Covid-19	Guatemala [GAZ:00002936]										
		GAZ:00001550	Covid-19	Guernsey [GAZ:00001550]										
		GAZ:00000909	Covid-19	Guinea [GAZ:00000909]										
		GAZ:00000910	Covid-19	Guinea-Bissau [GAZ:00000910]										
		GAZ:00002522	Covid-19	Guyana [GAZ:00002522]										
		GAZ:00003953	Covid-19	Haiti [GAZ:00003953]										
		GAZ:00009718	Covid-19	Heard Island and McDonald Islands [GAZ:00009718]										
		GAZ:00002894	Covid-19	Honduras [GAZ:00002894]										
		GAZ:00003203	Covid-19	Hong Kong [GAZ:00003203]										
		GAZ:00007120	Covid-19	Howland Island [GAZ:00007120]										
		GAZ:00002952	Covid-19	Hungary [GAZ:00002952]										
		GAZ:00000843	Covid-19	Iceland [GAZ:00000843]										
		GAZ:00002839	Covid-19	India [GAZ:00002839]										
		GAZ:00003727	Covid-19	Indonesia [GAZ:00003727]										
		GAZ:00004474	Covid-19	Iran [GAZ:00004474]										
		GAZ:00004483	Covid-19	Iraq [GAZ:00004483]										
		GAZ:00002943	Covid-19	Ireland [GAZ:00002943]										
		GAZ:00052477	Covid-19	Isle of Man [GAZ:00052477]										
		GAZ:00002476	Covid-19	Israel [GAZ:00002476]										
		GAZ:00002650	Covid-19	Italy [GAZ:00002650]										
		GAZ:00003781	Covid-19	Jamaica [GAZ:00003781]										
		GAZ:00005853	Covid-19	Jan Mayen [GAZ:00005853]										
		GAZ:00002747	Covid-19	Japan [GAZ:00002747]										
		GAZ:00007118	Covid-19	Jarvis Island [GAZ:00007118]										
		GAZ:00001551	Covid-19	Jersey [GAZ:00001551]										
		GAZ:00007114	Covid-19	Johnston Atoll [GAZ:00007114]										
		GAZ:00002473	Covid-19	Jordan [GAZ:00002473]										
		GAZ:00005809	Covid-19	Juan de Nova Island [GAZ:00005809]										
		GAZ:00004999	Covid-19	Kazakhstan [GAZ:00004999]										
		GAZ:00001101	Covid-19	Kenya [GAZ:00001101]										
		GAZ:00005682	Covid-19	Kerguelen Archipelago [GAZ:00005682]										
		GAZ:00007116	Covid-19	Kingman Reef [GAZ:00007116]										
		GAZ:00006894	Covid-19	Kiribati [GAZ:00006894]										
		GAZ:00011337	Covid-19	Kosovo [GAZ:00011337]										
		GAZ:00005285	Covid-19	Kuwait [GAZ:00005285]										
		GAZ:00006893	Covid-19	Kyrgyzstan [GAZ:00006893]										
		GAZ:00006889	Covid-19	Laos [GAZ:00006889]										
		GAZ:00002958	Covid-19	Latvia [GAZ:00002958]										
		GAZ:00002478	Covid-19	Lebanon [GAZ:00002478]										
		GAZ:00001098	Covid-19	Lesotho [GAZ:00001098]										
		GAZ:00000911	Covid-19	Liberia [GAZ:00000911]										
		GAZ:00000566	Covid-19	Libya [GAZ:00000566]										
		GAZ:00003858	Covid-19	Liechtenstein [GAZ:00003858]										
		GAZ:00007144	Covid-19	Line Islands [GAZ:00007144]										
		GAZ:00002960	Covid-19	Lithuania [GAZ:00002960]										
		GAZ:00002947	Covid-19	Luxembourg [GAZ:00002947]										
		GAZ:00003202	Covid-19	Macau [GAZ:00003202]										
		GAZ:00001108	Covid-19	Madagascar [GAZ:00001108]										
		GAZ:00001105	Covid-19	Malawi [GAZ:00001105]										
		GAZ:00003902	Covid-19	Malaysia [GAZ:00003902]										
		GAZ:00006924	Covid-19	Maldives [GAZ:00006924]										
		GAZ:00000584	Covid-19	Mali [GAZ:00000584]										
		GAZ:00004017	Covid-19	Malta [GAZ:00004017]										
		GAZ:00007161	Covid-19	Marshall Islands [GAZ:00007161]										
		GAZ:00067143	Covid-19	Martinique [GAZ:00067143]										
		GAZ:00000583	Covid-19	Mauritania [GAZ:00000583]										
		GAZ:00003745	Covid-19	Mauritius [GAZ:00003745]										
		GAZ:00003943	Covid-19	Mayotte [GAZ:00003943]										
		GAZ:00002852	Covid-19	Mexico [GAZ:00002852]										
		GAZ:00005862	Covid-19	Micronesia [GAZ:00005862]										
		GAZ:00007112	Covid-19	Midway Islands [GAZ:00007112]										
		GAZ:00003897	Covid-19	Moldova [GAZ:00003897]										
		GAZ:00003857	Covid-19	Monaco [GAZ:00003857]										
		GAZ:00008744	Covid-19	Mongolia [GAZ:00008744]										
		GAZ:00006898	Covid-19	Montenegro [GAZ:00006898]										
		GAZ:00003988	Covid-19	Montserrat [GAZ:00003988]										
		GAZ:00000565	Covid-19	Morocco [GAZ:00000565]										
		GAZ:00001100	Covid-19	Mozambique [GAZ:00001100]										
		GAZ:00006899	Covid-19	Myanmar [GAZ:00006899]										
		GAZ:00001096	Covid-19	Namibia [GAZ:00001096]										
		GAZ:00006900	Covid-19	Nauru [GAZ:00006900]										
		GAZ:00007119	Covid-19	Navassa Island [GAZ:00007119]										
		GAZ:00004399	Covid-19	Nepal [GAZ:00004399]										
		GAZ:00002946	Covid-19	Netherlands [GAZ:00002946]										
		GAZ:00005206	Covid-19	New Caledonia [GAZ:00005206]										
		GAZ:00000469	Covid-19	New Zealand [GAZ:00000469]										
		GAZ:00002978	Covid-19	Nicaragua [GAZ:00002978]										
		GAZ:00000585	Covid-19	Niger [GAZ:00000585]										
		GAZ:00000912	Covid-19	Nigeria [GAZ:00000912]										
		GAZ:00006902	Covid-19	Niue [GAZ:00006902]										
		GAZ:00005908	Covid-19	Norfolk Island [GAZ:00005908]										
		GAZ:00002801	Covid-19	North Korea [GAZ:00002801]										
		GAZ:00006895	Covid-19	North Macedonia [GAZ:00006895]										
		GAZ:00002284	Covid-19	North Sea [GAZ:00002284]										
		GAZ:00003958	Covid-19	Northern Mariana Islands [GAZ:00003958]										
		GAZ:00002699	Covid-19	Norway [GAZ:00002699]										
		GAZ:00005283	Covid-19	Oman [GAZ:00005283]										
		GAZ:00005246	Covid-19	Pakistan [GAZ:00005246]										
		GAZ:00006905	Covid-19	Palau [GAZ:00006905]										
		GAZ:00002892	Covid-19	Panama [GAZ:00002892]										
		GAZ:00003922	Covid-19	Papua New Guinea [GAZ:00003922]										
		GAZ:00010832	Covid-19	Paracel Islands [GAZ:00010832]										
		GAZ:00002933	Covid-19	Paraguay [GAZ:00002933]										
		GAZ:00002932	Covid-19	Peru [GAZ:00002932]										
		GAZ:00004525	Covid-19	Philippines [GAZ:00004525]										
		GAZ:00005867	Covid-19	Pitcairn Islands [GAZ:00005867]										
		GAZ:00002939	Covid-19	Poland [GAZ:00002939]										
		GAZ:00004126	Covid-19	Portugal [GAZ:00004126]										
		GAZ:00006935	Covid-19	Puerto Rico [GAZ:00006935]										
		GAZ:00005286	Covid-19	Qatar [GAZ:00005286]										
		GAZ:00001088	Covid-19	Republic of the Congo [GAZ:00001088]										
		GAZ:00003945	Covid-19	Reunion [GAZ:00003945]										
		GAZ:00002951	Covid-19	Romania [GAZ:00002951]										
		GAZ:00023304	Covid-19	Ross Sea [GAZ:00023304]										
		GAZ:00002721	Covid-19	Russia [GAZ:00002721]										
		GAZ:00001087	Covid-19	Rwanda [GAZ:00001087]										
		GAZ:00000849	Covid-19	Saint Helena [GAZ:00000849]										
		GAZ:00006906	Covid-19	Saint Kitts and Nevis [GAZ:00006906]										
		GAZ:00006909	Covid-19	Saint Lucia [GAZ:00006909]										
		GAZ:00003942	Covid-19	Saint Pierre and Miquelon [GAZ:00003942]										
		GAZ:00005841	Covid-19	Saint Martin [GAZ:00005841]										
		GAZ:02000565	Covid-19	Saint Vincent and the Grenadines [GAZ:02000565]										
		GAZ:00006910	Covid-19	Samoa [GAZ:00006910]										
		GAZ:00003102	Covid-19	San Marino [GAZ:00003102]										
		GAZ:00006927	Covid-19	Sao Tome and Principe [GAZ:00006927]										
		GAZ:00005279	Covid-19	Saudi Arabia [GAZ:00005279]										
		GAZ:00000913	Covid-19	Senegal [GAZ:00000913]										
		GAZ:00002957	Covid-19	Serbia [GAZ:00002957]										
		GAZ:00006922	Covid-19	Seychelles [GAZ:00006922]										
		GAZ:00000914	Covid-19	Sierra Leone [GAZ:00000914]										
		GAZ:00003923	Covid-19	Singapore [GAZ:00003923]										
		GAZ:00012579	Covid-19	Sint Maarten [GAZ:00012579]										
		GAZ:00002956	Covid-19	Slovakia [GAZ:00002956]										
		GAZ:00002955	Covid-19	Slovenia [GAZ:00002955]										
		GAZ:00005275	Covid-19	Solomon Islands [GAZ:00005275]										
		GAZ:00001104	Covid-19	Somalia [GAZ:00001104]										
		GAZ:00001094	Covid-19	South Africa [GAZ:00001094]										
		GAZ:00003990	Covid-19	South Georgia and the South Sandwich Islands [GAZ:00003990]										
		GAZ:00002802	Covid-19	South Korea [GAZ:00002802]										
		GAZ:00233439	Covid-19	South Sudan [GAZ:00233439]										
		GAZ:00003936	Covid-19	Spain [GAZ:00003936]										
		GAZ:00010831	Covid-19	Spratly Islands [GAZ:00010831]										
		GAZ:00003924	Covid-19	Sri Lanka [GAZ:00003924]										
		GAZ:00002475	Covid-19	State of Palestine [GAZ:00002475]										
		GAZ:00000560	Covid-19	Sudan [GAZ:00000560]										
		GAZ:00002525	Covid-19	Suriname [GAZ:00002525]										
		GAZ:00005396	Covid-19	Svalbard [GAZ:00005396]										
		GAZ:00001099	Covid-19	Swaziland [GAZ:00001099]										
		GAZ:00002729	Covid-19	Sweden [GAZ:00002729]										
		GAZ:00002941	Covid-19	Switzerland [GAZ:00002941]										
		GAZ:00002474	Covid-19	Syria [GAZ:00002474]										
		GAZ:00005341	Covid-19	Taiwan [GAZ:00005341]										
		GAZ:00006912	Covid-19	Tajikistan [GAZ:00006912]										
		GAZ:00001103	Covid-19	Tanzania [GAZ:00001103]										
		GAZ:00003744	Covid-19	Thailand [GAZ:00003744]										
		GAZ:00006913	Covid-19	Timor-Leste [GAZ:00006913]										
		GAZ:00000915	Covid-19	Togo [GAZ:00000915]										
		GAZ:00260188	Covid-19	Tokelau [GAZ:00260188]										
		GAZ:00006916	Covid-19	Tonga [GAZ:00006916]										
		GAZ:00003767	Covid-19	Trinidad and Tobago [GAZ:00003767]										
		GAZ:00005812	Covid-19	Tromelin Island [GAZ:00005812]										
		GAZ:00000562	Covid-19	Tunisia [GAZ:00000562]										
		GAZ:00000558	Covid-19	Turkey [GAZ:00000558]										
		GAZ:00005018	Covid-19	Turkmenistan [GAZ:00005018]										
		GAZ:00003955	Covid-19	Turks and Caicos Islands [GAZ:00003955]										
		GAZ:00009715	Covid-19	Tuvalu [GAZ:00009715]										
		GAZ:00002459	Covid-19	United States of America [GAZ:00002459]										
		GAZ:00001102	Covid-19	Uganda [GAZ:00001102]										
		GAZ:00002724	Covid-19	Ukraine [GAZ:00002724]										
		GAZ:00005282	Covid-19	United Arab Emirates [GAZ:00005282]										
		GAZ:00002637	Covid-19	United Kingdom [GAZ:00002637]										
		GAZ:00002930	Covid-19	Uruguay [GAZ:00002930]										
		GAZ:00004979	Covid-19	Uzbekistan [GAZ:00004979]										
		GAZ:00006918	Covid-19	Vanuatu [GAZ:00006918]										
		GAZ:00002931	Covid-19	Venezuela [GAZ:00002931]										
		GAZ:00003756	Covid-19	Viet Nam [GAZ:00003756]										
		GAZ:00003959	Covid-19	Virgin Islands [GAZ:00003959]										
		GAZ:00007111	Covid-19	Wake Island [GAZ:00007111]										
		GAZ:00007191	Covid-19	Wallis and Futuna [GAZ:00007191]										
		GAZ:00009572	Covid-19	West Bank [GAZ:00009572]										
		GAZ:00000564	Covid-19	Western Sahara [GAZ:00000564]										
		GAZ:00005284	Covid-19	Yemen [GAZ:00005284]										
		GAZ:00001107	Covid-19	Zambia [GAZ:00001107]										
		GAZ:00001106	Covid-19	Zimbabwe [GAZ:00001106]										
														
														
library_strategy menu	LibraryStrategyMenu			WGA										
				WGS										
				WXS										
				RNA-Seq										
				miRNA-Seq										
				WCS										
				CLONE										
				POOLCLONE										
				AMPLICON										
				CLONEEND										
				FINISHING										
				ChIP-Seq										
				MNase-Seq										
				DNase-Hypersensitivity										
				Bisulfite-Seq										
				Tn-Seq										
				EST										
				FL-cDNA										
				CTS										
				MRE-Seq										
				MeDIP-Seq										
				MBD-Seq										
				OTHER										
														
														
library_source menu	LibrarySourceMenu			GENOMIC										
				TRANSCRIPTOMIC										
				METAGENOMIC										
				METATRANSCRIPTOMIC										
				SYNTHETIC										
				VIRAL RNA										
				OTHER										
														
														
library_selection menu	LibrarySelectionMenu			RANDOM										
				PCR										
				RANDOM PCR										
				RT-PCR										
				HMPR										
				MF										
				CF-S										
				CF-M										
				CF-H										
				CF-T										
				MDA										
				MSLL										
				cDNA										
				ChIP										
				MNase										
				DNAse										
				Hybrid Selection										
				Reduced Representation										
				Restriction Digest										
				5-methylcytidine antibody										
				MBD2 protein methyl-CpG binding domain										
				CAGE										
				RACE										
				size fractionation										
				Padlock probes capture method										
				other										
				unspecified										
														
														
library_layout menu	LibraryLayoutMenu			single										
				paired										
														
														
filetype menu	FiletypeMenu			bam										
				sra										
				kar										
				srf										
				sff										
				fastq										
				tab										
				454_native										
				Helicos_native										
				SOLiD_native										
				PacBio_HDF5										
				CompleteGenomics_native										
														
														
														
														