class_name	slot_group	slot_uri	in_subset	meaning (LinkML)	title	name	range	range_2	identifier	required	recommended	multivalued	minimum_value	maximum_value	pattern	structured_pattern	description	comments	examples	EXPORT_GISAID	EXPORT_NCBI_BIOSAMPLE	EXPORT_NCBI_SRA	EXPORT_NCBI_Genbank	EXPORT_NCBI_Genbank_source_modifiers
PHA4GE		GENEPIO:0001122	Covid-19		Database Identifiers	database_identifiers																		
	Database Identifiers	GENEPIO:0001123	Covid-19		specimen collector sample ID	specimen_collector_sample_id	WhitespaceMinimizedString			TRUE							The user-defined name for the sample.	Every Sample ID from a single submitter must be unique. It can have any format, but we suggest that you make it concise, unique and consistent within your lab, and as informative as possible.	prov_rona_99	Sample ID given by the sample provider;Sample ID given by the submitting laboratory	sample_name	sample_name	sample_name	Sequence_ID
	Database Identifiers	GENEPIO:0001133	Covid-19		umbrella bioproject accession	umbrella_bioproject_accession	WhitespaceMinimizedString									{UPPER_CASE}	The INSDC umbrella accession number of the BioProject to which the BioSample belongs.	Required if submission is linked to an umbrella BioProject. An umbrella BioProject links together related BioProjects. A valid BioProject umbrella accession has prefix PRJN, PRJE or PRJD. Your laboratory can have one or many BioProjects.	PRJNA623807					
	Database Identifiers	GENEPIO:0001136	Covid-19	GENEPIO:0001836	bioproject accession	bioproject_accession	WhitespaceMinimizedString									{UPPER_CASE}	The INSDC accession number of the BioProject(s) to which the BioSample belongs.	Required if submission is linked to a BioProject. BioProjects are an organizing tool that links together raw sequence data, assemblies, and their associated metadata. A valid BioProject accession has prefix PRJN, PRJE or PRJD, e.g., PRJNA12345 and is created once at the beginning of a new sequencing project. Your laboratory can have one or many BioProjects.	PRJNA12345		bioproject_accession	bioproject_accession		BioProject
	Database Identifiers	GENEPIO:0001139	Covid-19	GENEPIO:0001836	biosample accession	biosample_accession	WhitespaceMinimizedString				TRUE					{UPPER_CASE}	The identifier assigned to a BioSample in INSDC archives.	Store the accession returned from the BioSample submission. NCBI BioSamples will have the prefix SAMN, while ENA BioSamples will have the prefix SAMEA.	SAMN14180202			biosample_accession	biosample_accession	BioSample
	Database Identifiers	GENEPIO:0001142	Covid-19	GENEPIO:0000147	SRA accession	sra_accession	WhitespaceMinimizedString									{UPPER_CASE}	The Sequence Read Archive (SRA), European Nucleotide Archive (ENA) or DDBJ Sequence Read Archive (DRA) identifier linking raw read data, methodological metadata and quality control metrics submitted to the INSDC.	Store the accession assigned to the submitted "run". NCBI-SRA accessions start with SRR, EBI-ENA runs start with ERR and DRA accessions start with DRR.	SRR11177792					
	Database Identifiers	GENEPIO:0001145	Covid-19	OBI:0001614	GenBank/ENA/DDBJ accession	genbank_ena_ddbj_accession	WhitespaceMinimizedString									{UPPER_CASE}	The GenBank/ENA/DDBJ identifier assigned to the sequence in the INSDC archives.	Store the accession returned from a GenBank/ENA/DDBJ submission (viral genome assembly).	MN908947.3					
	Database Identifiers	GENEPIO:0001147	Covid-19		GISAID accession	gisaid_accession	WhitespaceMinimizedString									{UPPER_CASE}	The GISAID accession number assigned to the sequence.	Store the accession returned from the GISAID submission.	EPI_ISL_123456		gisaid_accession			
	Database Identifiers	GENEPIO:0100282	Covid-19		GISAID virus name	gisaid_virus_name	WhitespaceMinimizedString									{UPPER_CASE}	The user-defined GISAID virus name assigned to the sequence.	GISAID virus names should be in the format "hCoV-19/Country/Identifier/year".	hCoV-19/Canada/prov_rona_99/2020	Virus name	gisaid_virus_name			
	Database Identifiers	GENEPIO:0100283	Covid-19		host specimen voucher	host_specimen_voucher	WhitespaceMinimizedString									{UPPER_CASE}	Identifier for the physical specimen.	Include a URI (Uniform Resource Identifier) in the form of a URL providing a direct link to the physical host specimen. If the specimen was destroyed in the process of analysis, electronic images (e-vouchers) are an adequate substitute for a physical host voucher specimen. If a URI is not available, a museum-provided globally unique identifier (GUID) can be used. If no persistent unique identifier is available, follow the INSDC guidance for populating the voucher_specimen attribute using standard triplets for institution codes (i.e., /specimen_voucher="[<institution-code>:[<collection-code>:]]<specimen_id>"): http://www.insdc.org/controlled-vocabulary-specimenvoucher-qualifier	URI example: http://portal.vertnet.org/o/fmnh/mammals?id=33e55cfe-330b-40d9-aaae-8d042cba7542, INSDC triplet example: UAM:Mamm:52179		host_specimen_voucher			
		GENEPIO:0001268	Covid-19		Sample collection and processing	sample_collection_and_processing																		
	Sample collection and processing	GENEPIO:0001153	Covid-19		sample collected by	sample_collected_by	WhitespaceMinimizedString	NullValueMenu		TRUE							The name of the organization with which the sample collector is affiliated.	The name of the agency should be written out in full, (with minor exceptions) and be consistent across multiple submissions.	Public Health Agency of Canada	Originating lab	collected_by			
	Sample collection and processing	GENEPIO:0001156	Covid-19		sample collector contact email	sample_collector_contact_email	WhitespaceMinimizedString										The email address of the contact responsible for follow-up regarding the sample.	The email address can represent a specific individual or laboratory.	johnnyblogs@lab.ca					
	Sample collection and processing	GENEPIO:0001158	Covid-19		sample collector contact address	sample_collector_contact_address	WhitespaceMinimizedString										The mailing address of the agency submitting the sample.	The mailing address should be in the format: Street number and name, City, State/Province/Region, Country, Postal Code/Zip Code	655 Lab St, Vancouver, British Columbia, V5N 2A2, Canada	Address				
	Sample collection and processing	GENEPIO:0001159	Covid-19		sequence submitted by	sequence_submitted_by	WhitespaceMinimizedString	NullValueMenu		TRUE							The name of the agency that generated the sequence.	The name of the agency should be written out in full, (with minor exceptions) and be consistent across multiple submissions.	Centers for Disease Control and Prevention	Submitting lab	sequenced_by			
	Sample collection and processing	GENEPIO:0001165	Covid-19		sequence submitter contact email	sequence_submitter_contact_email	WhitespaceMinimizedString										The email address of the contact responsible for follow-up regarding the sequence.	The email address can represent a specific individual or laboratory.	RespLab@lab.ca			sequence_submitter_contact_email		
	Sample collection and processing	GENEPIO:0001167	Covid-19		sequence submitter contact address	sequence_submitter_contact_address	WhitespaceMinimizedString										The mailing address of the agency submitting the sequence.	The mailing address should be in the format: Street number and name, City, State/Province/Region, Country, Postal Code/Zip Code	123 Sunnybrooke St, Toronto, Ontario, M4P 1L6, Canada	Address				
	Sample collection and processing	GENEPIO:0001174	Covid-19		sample collection date	sample_collection_date	date	NullValueMenu		TRUE							The date on which the sample was collected.	Record the collection date accurately in the template. Required granularity includes year, month and day. Before sharing this data, ensure this date is not considered identifiable information. If this date is considered identifiable, it is acceptable to add "jitter" to the collection date by adding or subtracting calendar days. Do not change the collection date in your original records. Alternatively, ”received date” may be used as a substitute in the data you share. The date should be provided in ISO 8601 standard format "YYYY-MM-DD".	2020-03-19	Collection date	collection_date			collection-date
	Sample collection and processing	GENEPIO:0001179	Covid-19		sample received date	sample_received_date	date	NullValueMenu									The date on which the sample was received.	The date the sample was received by a lab that was not the point of collection. ISO 8601 standard "YYYY-MM-DD".	2020-03-20					
	Sample collection and processing	GENEPIO:0001181	Covid-19		geo_loc name (country)	geo_loc_name_country	GeoLocNameCountryMenu	NullValueMenu		TRUE							The country of origin of the sample.	Provide the country name from the pick list in the template	South Africa [GAZ:00001094]	Location	geo_loc_name			country
	Sample collection and processing	GENEPIO:0001185	Covid-19		geo_loc name (state/province/territory)	geo_loc_name_state_province_territory	WhitespaceMinimizedString	NullValueMenu		TRUE							The state/province/territory of origin of the sample.	Provide the state/province/territory name from the GAZ geography ontology. Search for geography terms here: https://www.ebi.ac.uk/ols/ontologies/gaz	Western Cape		geo_loc_name			
	Sample collection and processing	GENEPIO:0100280	Covid-19		geo_loc name (county/region)	geo_loc_name_county_region	WhitespaceMinimizedString										The county/region of origin of the sample.	Provide the county/region name from the GAZ geography ontology. Search for geography terms here: https://www.ebi.ac.uk/ols/ontologies/gaz	Derbyshire		geo_loc_name			
	Sample collection and processing	GENEPIO:0001189	Covid-19		geo_loc name (city)	geo_loc_name_city	WhitespaceMinimizedString										The city of origin of the sample.	Provide the city name from the GAZ geography ontology. Search for geography terms here: https://www.ebi.ac.uk/ols/ontologies/gaz	Vancouver		geo_loc_name			
	Sample collection and processing	GENEPIO:0100309	Covid-19	OBI:0001620	geo_loc latitude	geo_loc_latitude	WhitespaceMinimizedString										The latitude coordinates of the geographical location of sample collection.	Provide latitude coordinates if available. Do not use the centre of the city/region/province/state/country or the location of your agency as a proxy, as this implicates a real location and is misleading. Specify as degrees latitude in format "d[d.dddd] N|S".	38.98 N		lat_lon			
	Sample collection and processing	GENEPIO:0100310	Covid-19	OBI:0001621	geo_loc longitude	geo_loc_longitude	WhitespaceMinimizedString										The longitude coordinates of the geographical location of sample collection.	Provide longitude coordinates if available. Do not use the centre of the city/region/province/state/country or the location of your agency as a proxy, as this implicates a real location and is misleading. Specify as degrees longitude in format "d[dd.dddd] W|E".	77.11 W		lat_lon			
	Sample collection and processing	GENEPIO:0001191	Covid-19		organism	organism	OrganismMenu	NullValueMenu		TRUE							Taxonomic name of the organism.	Select "Severe acute respiratory syndrome coronavirus 2" if sequencing SARS-CoV-2. If another Coronaviridae is being sequenced, provide the taxonomic name from NCBITaxon. Search for taxonomy terms at https://www.ebi.ac.uk/ols/ontologies/ncbitaxon.	Severe acute respiratory syndrome coronavirus 2 [NCBITaxon:2697049]		organism			
	Sample collection and processing	GENEPIO:0001644	Covid-19		isolate	isolate	WhitespaceMinimizedString	NullValueMenu		TRUE							Identifier of the specific isolate.	This identifier should be an unique, indexed, alpha-numeric ID within your laboratory. If submitted to the INSDC, the "isolate" name is propagated throughtout different databases. As such, structure the "isolate" name to be ICTV/INSDC compliant in the following format: "SARS-CoV-2/host/country/sampleID/date".	SARS-CoV-2/human/USA/CA-CDPH-001/2020		isolate			isolate
	Sample collection and processing	GENEPIO:0100284	Covid-19		culture collection	culture_collection	WhitespaceMinimizedString										The name of the source collection and unique culture identifier.	Format: "<institution-code>:[<collection-code>:]<culture_id>". For more information, see http://www.insdc.org/controlled-vocabulary-culturecollection-qualifier.	/culture_collection="ATCC:26370"					
	Sample collection and processing	GENEPIO:0001198	Covid-19		purpose of sampling	purpose_of_sampling	PurposeOfSamplingMenu	NullValueMenu			TRUE						The reason that the sample was collected.	Select a value from the pick list in the template.	Diagnostic testing [GENEPIO:0100002]		purpose_of_sampling			
	Sample collection and processing	GENEPIO:0001200	Covid-19		purpose of sampling details	purpose_of_sampling_details	WhitespaceMinimizedString										Further details pertaining to the reason the sample was collected.	Provide a free text description of the sampling strategy or samples collected.	Screening of bat specimens in museum collections.					
	Sample collection and processing	GENEPIO:0100285	Covid-19		sample plan name	sample_plan_name	WhitespaceMinimizedString										The name of the sample plan implemented for sample collection.	Provide the name and version of the sample plan outlining the sample strategy.	CanCOGeN Sampling Strategy 1.0					
	Sample collection and processing	GENEPIO:0100277	Covid-19		sample collected in quarantine	sample_collected_in_quarantine	SampleCollectedInQuarantineMenu	NullValueMenu									Whether the sample was collected from an individual in quarantine.	Whether a sample was collected under quarantine conditions (e.g. self-quarantining, medically isolated, staying at a quarantine hotel) can inform public health measure assessments. Use the picklist provided in the template.	Yes [NCIT:C49488]					
	Sample collection and processing	GENEPIO:0001211	Covid-19		anatomical material	anatomical_material	AnatomicalMaterialMenu	NullValueMenu				TRUE					A substance obtained from an anatomical part of an organism e.g. tissue, blood.	Provide a descriptor if an anatomical material was sampled. Use the pick list provided in the template. If a desired term is missing from the pick list, use this look-up service to identify a standardized term: https://www.ebi.ac.uk/ols/ontologies/uberon. If not applicable, leave blank.	Blood [UBERON:0000178]	Specimen source	isolation_source;host_anatomical_material			isolation-source
	Sample collection and processing	GENEPIO:0001214	Covid-19		anatomical part	anatomical_part	AnatomicalPartMenu	NullValueMenu				TRUE					An anatomical part of an organism e.g. oropharynx.	Provide a descriptor if an anatomical part was sampled. Use the pick list provided in the template. If a desired term is missing from the pick list, use this look-up service to identify a standardized term: https://www.ebi.ac.uk/ols/ontologies/uberon. If not applicable, leave blank.	Nasopharynx (NP) [UBERON:0001728]	Specimen source	isolation_source;host_anatomical_part			isolation-source
	Sample collection and processing	GENEPIO:0001216	Covid-19		body product	body_product	BodyProductMenu	NullValueMenu				TRUE					A substance excreted/secreted from an organism e.g. feces, urine, sweat.	Provide a descriptor if a body product was sampled. Use the pick list provided in the template. If a desired term is missing from the pick list, use this look-up service to identify a standardized term: https://www.ebi.ac.uk/ols/ontologies/uberon. If not applicable, leave blank.	Feces [UBERON:0001988]	Specimen source	isolation_source;host_body_product			isolation-source
	Sample collection and processing	GENEPIO:0001223	Covid-19		environmental material	environmental_material	EnvironmentalMaterialMenu	NullValueMenu				TRUE					A substance obtained from the natural or man-made environment e.g. soil, water, sewage, door handle, bed handrail, face mask.	Provide a descriptor if an environmental material was sampled. Use the pick list provided in the template. If a desired term is missing from the pick list, use this look-up service to identify a standardized term: https://www.ebi.ac.uk/ols/ontologies/envo. If not applicable, leave blank.	Face mask [OBI:0002787]	Specimen source	isolation_source;environmental_material			isolation-source
	Sample collection and processing	GENEPIO:0001232	Covid-19		environmental site	environmental_site	EnvironmentalSiteMenu	NullValueMenu				TRUE					An environmental location may describe a site in the natural or built environment e.g. hospital, wet market, bat cave.	Provide a descriptor if an environmental site was sampled. Use the pick list provided in the template. If a desired term is missing from the pick list, use this look-up service to identify a standardized term: https://www.ebi.ac.uk/ols/ontologies/envo. If not applicable, leave blank.	Hospital [ENVO:00002173]	Specimen source	isolation_source;environmental_site			isolation-source
	Sample collection and processing	GENEPIO:0001234	Covid-19		collection device	collection_device	CollectionDeviceMenu	NullValueMenu				TRUE					The instrument or container used to collect the sample e.g. swab.	Provide a descriptor if a collection device was used for sampling. Use the pick list provided in the template. If a desired term is missing from the pick list, use this look-up service to identify a standardized term: https://www.ebi.ac.uk/ols/ontologies/obi. If not applicable, leave blank.	Swab [GENEPIO:0100027]	Specimen source	isolation_source;collection_device			isolation-source
	Sample collection and processing	GENEPIO:0001241	Covid-19		collection method	collection_method	CollectionMethodMenu	NullValueMenu				TRUE					The process used to collect the sample e.g. phlebotomy, necropsy.	Provide a descriptor if a collection method was used for sampling. Use the pick list provided in the template. If a desired term is missing from the pick list, use this look-up service to identify a standardized term: https://www.ebi.ac.uk/ols/ontologies/obi. If not applicable, leave blank.	Bronchoalveolar lavage (BAL) [GENEPIO:0100032]	Specimen source	isolation_source;collection_method			isolation-source
	Sample collection and processing	GENEPIO:0001243	Covid-19		collection protocol	collection_protocol	WhitespaceMinimizedString										The name and version of a particular protocol used for sampling.	Provide the name and version of the protocol used to collect the samples.	SC2SamplingProtocol 1.2					
	Sample collection and processing	GENEPIO:0001253	Covid-19		specimen processing	specimen_processing	SpecimenProcessingMenu	NullValueMenu			TRUE	TRUE					Any processing applied to the sample during or after receiving the sample.	Critical for interpreting data. Select all the applicable processes from the pick list. If virus was passaged, include information in "lab host", "passage number", and "passage method" fields. If none of the processes in the pick list apply, put "not applicable".	Virus passage [GENEPIO:0100039]					
	Sample collection and processing	GENEPIO:0100311	Covid-19		specimen processing details	specimen_processing_details	WhitespaceMinimizedString										Detailed information regarding the processing applied to a sample during or after receiving the sample.	Provide a free text description of any processing details applied to a sample.	25 swabs were pooled and further prepared as a single sample during library prep.					
	Sample collection and processing	GENEPIO:0001255	Covid-19		lab host	lab_host	LabHostMenu	NullValueMenu									Name and description of the laboratory host used to propagate the source organism or material from which the sample was obtained.	Type of cell line used for propagation. Select a value form the pick list. If not passaged, put "not applicable".	Vero E6 cell line [BTO:0004755]					
	Sample collection and processing	GENEPIO:0001261	Covid-19		passage number	passage_number	integer						0				Number of passages.	Provide number of known passages. If not passaged, put "not applicable"	3		passage_number			
	Sample collection and processing	GENEPIO:0001264	Covid-19		passage method	passage_method	WhitespaceMinimizedString	NullValueMenu									Description of how organism was passaged.	Free text. Provide a short description. If not passaged, put "not applicable".	AVL buffer+30%EtOH lysate received from Respiratory Lab. P3 passage in Vero-1 via bioreactor large-scale batch passage. P3 batch derived from the SP-2/reference lab strain.		passage_method			
	Sample collection and processing	GENEPIO:0001266	Covid-19		biomaterial extracted	biomaterial_extracted	BiomaterialExtractedMenu	NullValueMenu									The biomaterial extracted from samples for the purpose of sequencing.	Provide the biomaterial extracted from the pick list in the template.	RNA (Total) [OBI:0000895]					
	Sample collection and processing	GENEPIO:0100278	Covid-19		data abstraction details	data_abstraction_details	WhitespaceMinimizedString										A description of how any data elements were altered to preserve patient privacy.	If applicable, provide a description of how each data element was abstracted.	Jitter added to publicly shared collection dates to prevent re-identifiability.					
		GENEPIO:0001268	Covid-19		Host Information	host_information																		
	Host Information	GENEPIO:0001386	Covid-19		host (common name)	host_common_name	HostCommonNameMenu	NullValueMenu									The commonly used name of the host.	Common name or scientific name are required if there was a host. Common name examples e.g. human, bat. Select a value from the pick list. If the sample was environmental, put "not applicable".	Human [NCBITaxon:9606]					
	Host Information	GENEPIO:0001387	Covid-19		host (scientific name)	host_scientific_name	HostScientificNameMenu	NullValueMenu		TRUE							The taxonomic, or scientific name of the host.	Common name or scientific name are required if there was a host. Scientific name examples e.g. Homo sapiens. Select a value from the pick list. If the sample was environmental, put "not applicable".	Homo sapiens [NCBITaxon:9606]	Host	host			host
	Host Information	GENEPIO:0001388	Covid-19		host health state	host_health_state	HostHealthStateMenu	NullValueMenu									Health status of the host at the time of sample collection.	If known, select a value from the pick list.	Asymptomatic [NCIT:C3833]	Patient status	host_health_state			
	Host Information	GENEPIO:0001389	Covid-19		host health status details	host_health_status_details	HostHealthStatusDetailsMenu	NullValueMenu									Further details pertaining to the health or disease status of the host at time of collection.	If known, select a value from the pick list.	Hospitalized (ICU) [GENEPIO:0100046]					
	Host Information	GENEPIO:0001391	Covid-19		host disease	host_disease	HostDiseaseMenu	NullValueMenu		TRUE							The name of the disease experienced by the host.	This field is only required if there was a host. If the host was a human select COVID-19 from the pick list. If the host was asymptomatic, this can be recorded under “host health state details”. "COVID-19" should still be provided if patient is asymptomatic. If the host is not human, and the disease state is not known or the host appears healthy, put “not applicable”.	COVID-19 [MONDO:0100096]		host_disease			
	Host Information	GENEPIO:0001390	Covid-19		host health outcome	host_health_outcome	HostHealthOutcomeMenu	NullValueMenu									Disease outcome in the host.	If known, select a value from the pick list.	Recovered [NCIT:C49498]		host_disease_outcome			
	Host Information	GENEPIO:0001392	Covid-19		host age	host_age	decimal	NullValueMenu			TRUE			130			Age of host at the time of sampling.	If known, provide age. Age-binning is also acceptable.	79	Patient age	host_age			
	Host Information	GENEPIO:0001393	Covid-19		host age unit	host_age_unit	HostAgeUnitMenu	NullValueMenu			TRUE						The units used to measure the host's age.	If known, provide the age units used to measure the host's age from the pick list.	year [UO:0000036]					
	Host Information	GENEPIO:0001394	Covid-19		host age bin	host_age_bin	HostAgeBinMenu	NullValueMenu			TRUE						The age category of the host at the time of sampling.	Age bins in 10 year intervals have been provided. If a host's age cannot be specified due to provacy concerns, an age bin can be used as an alternative.	50 - 59 [GENEPIO:0100054]					
	Host Information	GENEPIO:0001395	Covid-19		host gender	host_gender	HostGenderMenu	NullValueMenu			TRUE						The gender of the host at the time of sample collection.	If known, select a value from the pick list.	Male [NCIT:C46109]	Gender	host_sex			
	Host Information	GENEPIO:0001396	Covid-19		host residence geo_loc name (country)	host_residence_geo_loc_name_country	HostResidenceGeoLocNameCountryMenu	NullValueMenu									The country where the host resides.	If known, select a value from the pick list.	South Africa [GAZ:00001094]					
	Host Information	GENEPIO:0100312		GECKO:0000061	host ethnicity	host_ethnicity	WhitespaceMinimizedString										The self-identified ethnicity(ies) of the host.	If known, provide the self-identified ethnicity or ethnicities of the host as a free text description. This is highly sensitive information which must be treated respectfully and carefully when sharing. The information may have implications for equitable access and benefit sharing. Consult your privacy officer, data steward and/or cultural services representative.	Indigenous, European					
	Host Information	GENEPIO:0001398	Covid-19		host subject ID	host_subject_id	WhitespaceMinimizedString										A unique identifier by which each host can be referred to e.g. #131	Should be a unique, user-defined identifier. This ID can help link laboratory data with epidemiological data, however, is likely sensitive information. Consult the data steward.	BCxy123		host_subject_id			
	Host Information	GENEPIO:0100281	Covid-19		case ID	case_id	WhitespaceMinimizedString										The identifier used to specify an epidemiologically detected case of disease.	Provide the case identifer. The case ID greatly facilitates linkage between laboratory and epidemiological data. The case ID may be considered identifiable information. Consult the data steward before sharing.	ABCD1234					
	Host Information	GENEPIO:0001399	Covid-19		symptom onset date	symptom_onset_date	date	NullValueMenu									The date on which the symptoms began or were first noted.	If known, provide the symptom onset date in ISO 8601 standard format "YYYY-MM-DD".	2020-03-16					
	Host Information	GENEPIO:0001400	Covid-19		signs and symptoms	signs_and_symptoms	SignsAndSymptomsMenu	NullValueMenu				TRUE					A perceived change in function or sensation, (loss, disturbance or appearance) indicative of a disease, reported by a patient.	Select all of the symptoms experienced by the host from the pick list.	Cough [HP:0012735], Fever [HP:0001945],  Rigors (fever shakes) [HP:0025145]					
	Host Information	GENEPIO:0001401	Covid-19		pre-existing conditions and risk factors	preexisting_conditions_and_risk_factors	PreExistingConditionsAndRiskFactorsMenu	NullValueMenu				TRUE					"Patient pre-existing conditions and risk factors.
Pre-existing condition: A medical condition that existed prior to the current infection.
Risk Factor: A variable associated with an increased risk of disease or infection."	Select all of the pre-existing conditions and risk factors experienced by the host from the pick list. If the desired term is missing, contact the curation team.	Asthma [HP:0002099]					
	Host Information	GENEPIO:0001402	Covid-19		complications	complications	ComplicationsMenu	NullValueMenu				TRUE					Patient medical complications that are believed to have occurred as a result of host disease.	Select all of the complications experienced by the host from the pick list.	Acute respiratory failure [MONDO:0001208]					
		GENEPIO:0001403	Covid-19		Host vaccination information	host_vaccination_information																		
	Host vaccination information	GENEPIO:0001404	Covid-19		host vaccination status	host_vaccination_status	HostVaccinationStatusMenu	NullValueMenu									The vaccination status of the host (fully vaccinated, partially vaccinated, or not vaccinated).	Select the vaccination status of the host from the pick list.	Fully Vaccinated [GENEPIO:0100100]		prior_sars_cov_2_vaccination			
	Host vaccination information	GENEPIO:0001406	Covid-19		number of vaccine doses received	number_of_vaccine_doses_received	integer						0				The number of doses of the vaccine received by the host.	Record how many doses of the vaccine the host has received.	2					
	Host vaccination information	GENEPIO:0100313	Covid-19		vaccination dose 1 vaccine name	vaccination_dose_1_vaccine_name	WhitespaceMinimizedString										The name of the vaccine administered as the first dose of a vaccine regimen.	Provide the name and the corresponding manufacturer of the COVID-19 vaccine administered as the first dose by selecting a value from the pick list	Pfizer-BioNTech (Comirnaty)					
	Host vaccination information	GENEPIO:0100314	Covid-19		vaccination dose 1 vaccination date	vaccination_dose_1_vaccination_date	date										The date the first dose of a vaccine was administered.	Provide the date the first dose of COVID-19 vaccine was administered. The date should be provided in ISO 8601 standard format "YYYY-MM-DD".	2021-03-01					
	Host vaccination information	GENEPIO:0100315	Covid-19		vaccination dose 2 vaccine name	vaccination_dose_2_vaccine_name	WhitespaceMinimizedString										The name of the vaccine administered as the second dose of a vaccine regimen.	Provide the name and the corresponding manufacturer of the COVID-19 vaccine administered as the second dose by selecting a value from the pick list	Pfizer-BioNTech (Comirnaty)					
	Host vaccination information	GENEPIO:0100316	Covid-19		vaccination dose 2 vaccination date	vaccination_dose_2_vaccination_date	date										The date the second dose of a vaccine was administered.	Provide the date the second dose of COVID-19 vaccine was administered. The date should be provided in ISO 8601 standard format "YYYY-MM-DD".	2021-09-01					
	Host vaccination information	GENEPIO:0100317	Covid-19		vaccination dose 3 vaccine name	vaccination_dose_3_vaccine_name	WhitespaceMinimizedString										The name of the vaccine administered as the third dose of a vaccine regimen.	Provide the name and the corresponding manufacturer of the COVID-19 vaccine administered as the third dose by selecting a value from the pick list	Pfizer-BioNTech (Comirnaty)					
	Host vaccination information	GENEPIO:0100318	Covid-19		vaccination dose 3 vaccination date	vaccination_dose_3_vaccination_date	date										The date the third dose of a vaccine was administered.	Provide the date the third dose of COVID-19 vaccine was administered. The date should be provided in ISO 8601 standard format "YYYY-MM-DD".	2021-12-30		date_of_sars_cov_2_vaccination			
	Host vaccination information	GENEPIO:0100319	Covid-19		vaccination dose 4 vaccine name	vaccination_dose_4_vaccine_name	WhitespaceMinimizedString										The name of the vaccine administered as the fourth dose of a vaccine regimen.	Provide the name and the corresponding manufacturer of the COVID-19 vaccine administered as the fourth dose by selecting a value from the pick list	Pfizer-BioNTech (Comirnaty)					
	Host vaccination information	GENEPIO:0100320	Covid-19		vaccination dose 4 vaccination date	vaccination_dose_4_vaccination_date	date										The date the fourth dose of a vaccine was administered.	Provide the date the fourth dose of COVID-19 vaccine was administered. The date should be provided in ISO 8601 standard format "YYYY-MM-DD".	2022-01-15					
	Host vaccination information	GENEPIO:0100321	Covid-19		vaccination history	vaccination_history	WhitespaceMinimizedString										A description of the vaccines received and the administration dates of a series of vaccinations against a specific disease or a set of diseases.	Free text description of the dates and vaccines administered against a particular disease/set of diseases. It is also acceptable to concatenate the individual dose information (vaccine name, vaccination date) separated by semicolons.	Pfizer-BioNTech (Comirnaty); 2021-03-01; Pfizer-BioNTech (Comirnaty); 2022-01-15	Last vaccinated				
		GENEPIO:0001409	Covid-19		Host exposure information	host_exposure_information																		
	Host exposure information	GENEPIO:0001410	Covid-19		location of exposure geo_loc name (country)	location_of_exposure_geo_loc_name_country	LocationOfExposureGeoLocNameCountryMenu	NullValueMenu									The country where the host was likely exposed to the causative agent of the illness.	This location pertains to the country the host was believed to be exposed, and may not be the same as the host's country of residence. If known, provide the country name from the pick list.	South Africa [GAZ:00001094]		geo_loc_exposure			
	Host exposure information	GENEPIO:0001411	Covid-19		destination of most recent travel (city)	destination_of_most_recent_travel_city	WhitespaceMinimizedString										The name of the city that was the destination of most recent travel.	Provide the name of the city that the host travelled to. Use this look-up service to identify the standardized term: https://www.ebi.ac.uk/ols/ontologies/gaz	New York City		host_recent_travel_loc			
	Host exposure information	GENEPIO:0001412	Covid-19		destination of most recent travel (state/province/territory)	destination_of_most_recent_travel_state_province_territory	WhitespaceMinimizedString										The name of the province that was the destination of most recent travel.	Provide the name of the state/province/territory that the host travelled to. Use this look-up service to identify the standardized term: https://www.ebi.ac.uk/ols/ontologies/gaz	California		host_recent_travel_loc			
	Host exposure information	GENEPIO:0001413	Covid-19		destination of most recent travel (country)	destination_of_most_recent_travel_country	DestinationOfMostRecentTravelCountryMenu	NullValueMenu									The name of the country that was the destination of most recent travel.	Provide the name of the country that the host travelled to. Use this look-up service to identify the standardized term: https://www.ebi.ac.uk/ols/ontologies/gaz	United Kingdom [GAZ:00002637]		host_recent_travel_loc			
	Host exposure information	GENEPIO:0001414	Covid-19		most recent travel departure date	most_recent_travel_departure_date	date	NullValueMenu									The date of a person's most recent departure from their primary residence (at that time) on a journey to one or more other locations.	Provide the travel departure date in ISO 8601 standard format "YYYY-MM-DD".	2020-03-16					
	Host exposure information	GENEPIO:0001415	Covid-19		most recent travel return date	most_recent_travel_return_date	date	NullValueMenu									The date of a person's most recent return to some residence from a journey originating at that residence.	Provide the travel return date in ISO 8601 standard format "YYYY-MM-DD".	2020-04-26		host_recent_travel_return_date			
	Host exposure information	GENEPIO:0001416	Covid-19		travel history	travel_history	WhitespaceMinimizedString										Travel history in last six months.	Specify the countries (and more granular locations if known) travelled in the last six months; can include multiple travels. Separate multiple travel events with a semicolon. Provide as free text.	Canada, Vancouver; USA, Seattle; Italy, Milan					
	Host exposure information	GENEPIO:0001417	Covid-19		exposure event	exposure_event	ExposureEventMenu	NullValueMenu									Event leading to exposure.	If known, select the exposure event from the pick list.	Mass Gathering [GENEPIO:0100237]	Additional location information	exposure_event			
	Host exposure information	GENEPIO:0001418	Covid-19		exposure contact level	exposure_contact_level	ExposureContactLevelMenu	NullValueMenu									The exposure transmission contact type.	Select direct or indirect exposure from the pick list.	Direct (human-to-human contact) [TRANS:0000001]					
	Host exposure information	GENEPIO:0001419	Covid-19		host role	host_role	HostRoleMenu					TRUE					The role of the host in relation to the exposure setting.	Select the host's personal role(s) from the pick list provided in the template. If the desired term is missing, contact the curation team.	Patient [OMRSE:00000030]	Additional host information				
	Host exposure information	GENEPIO:0001428	Covid-19		exposure setting	exposure_setting	ExposureSettingMenu					TRUE					The setting leading to exposure.	Select the host exposure setting(s) from the pick list provided in the template. If a desired term is missing, contact the curation team.	Healthcare Setting [GENEPIO:0100201]	Additional host information				
	Host exposure information	GENEPIO:0001431	Covid-19		exposure details	exposure_details	WhitespaceMinimizedString										Additional host exposure information.	Free text description of the exposure.	Host role - Other: Bus Driver					
																								
																								
		GENEPIO:0001434	Covid-19		Host reinfection information	host_reinfection_information																		
	Host reinfection information	GENEPIO:0001435	Covid-19		prior SARS-CoV-2 infection	prior_sarscov2_infection	PriorSarsCov2InfectionMenu	NullValueMenu									Whether there was prior SARS-CoV-2 infection.	If known, provide information about whether the individual had a previous SARS-CoV-2 infection. Select a value from the pick list.	Prior infection [GENEPIO:0100234]		prior_sars_cov_2_infection			
	Host reinfection information	GENEPIO:0001436	Covid-19		prior SARS-CoV-2 infection isolate	prior_sarscov2_infection_isolate	WhitespaceMinimizedString										The identifier of the isolate found in the prior SARS-CoV-2 infection.	Provide the isolate name of the most recent prior infection. Structure the "isolate" name to be ICTV/INSDC compliant in the following format: "SARS-CoV-2/host/country/sampleID/date".	SARS-CoV-2/human/USA/CA-CDPH-001/2020		virus_isolate_of_prior_infection			
	Host reinfection information	GENEPIO:0001437	Covid-19		prior SARS-CoV-2 infection date	prior_sarscov2_infection_date	date										The date of diagnosis of the prior SARS-CoV-2 infection.	Provide the date that the most recent prior infection was diagnosed. Provide the prior SARS-CoV-2 infection date in ISO 8601 standard format "YYYY-MM-DD".	2021-01-23		date_of_prior_sars_cov_2_infection			
	Host reinfection information	GENEPIO:0001438	Covid-19		prior SARS-CoV-2 antiviral treatment	prior_sarscov2_antiviral_treatment	PriorSarsCov2AntiviralTreatmentMenu	NullValueMenu									Whether there was prior SARS-CoV-2 treatment with an antiviral agent.	If known, provide infromation about whether the individual had a previous SARS-CoV-2 antiviral treatment. Select a value from the pick list.	Prior antiviral treatment [GENEPIO:0100037]		prior_sars_cov_2_antiviral_treat			
	Host reinfection information	GENEPIO:0001439	Covid-19		prior SARS-CoV-2 antiviral treatment agent	prior_sarscov2_antiviral_treatment_agent	WhitespaceMinimizedString										The name of the antiviral treatment agent administered during the prior SARS-CoV-2 infection.	Provide the name of the antiviral treatment agent administered during the most recent prior infection. If no treatment was administered, put "No treatment". If multiple antiviral agents were administered, list them all separated by commas.	Remdesivir		antiviral_treatment_agent			
	Host reinfection information	GENEPIO:0001440	Covid-19		prior SARS-CoV-2 antiviral treatment date	prior_sarscov2_antiviral_treatment_date	date										The date treatment was first administered during the prior SARS-CoV-2 infection.	Provide the date that the antiviral treatment agent was first administered during the most recenrt prior infection. Provide the prior SARS-CoV-2 treatment date in ISO 8601 standard format "YYYY-MM-DD".	2021-01-28		date_of_prior_antiviral_treat			
																								
																								
		GENEPIO:0001441	Covid-19		Sequencing	sequencing																		
	Sequencing	GENEPIO:0001445	Covid-19		purpose of sequencing	purpose_of_sequencing	PurposeOfSequencingMenu	NullValueMenu		TRUE		TRUE					The reason that the sample was sequenced.	The reason why a sample was originally collected may differ from the reason why it was selected for sequencing. The reason a sample was sequenced may provide information about potential biases in sequencing strategy. Provide the purpose of sequencing from the picklist in the template. The reason for sample collection should be indicated in the "purpose of sampling" field.	Baseline surveillance (random sampling) [GENEPIO:0100005]	Sampling Strategy	purpose_of_sequencing			
	Sequencing	GENEPIO:0001446	Covid-19		purpose of sequencing details	purpose_of_sequencing_details	WhitespaceMinimizedString	NullValueMenu		TRUE							The description of why the sample was sequenced providing specific details.	Provide an expanded description of why the sample was sequenced using pick list. The description may include the importance of the sequences for a particular public health investigation/surveillance activity/research question. Suggested standardized descriptions include: Screened for S gene target failure (S dropout), Screened for mink variants, Screened for B.1.1.7 variant, Screened for B.1.135 variant, Screened for P.1 variant, Screened due to travel history, Screened due to close contact with infected individual, Assessing public health control measures, Determining early introductions and spread, Investigating airline-related exposures, Investigating temporary foreign worker, Investigating remote regions, Investigating health care workers, Investigating schools/universities, Investigating reinfection.	Screened for S gene target failure (S dropout)					
	Sequencing	GENEPIO:0001447	Covid-19		sequencing date	sequencing_date	date	NullValueMenu						{today}			The date the sample was sequenced.	Provide the sequencing date in ISO 8601 standard format "YYYY-MM-DD".	2021-04-26					
	Sequencing	GENEPIO:0001448	Covid-19		library ID	library_id	WhitespaceMinimizedString				TRUE						The user-specified identifier for the library prepared for sequencing.	The library name should be unique, and can be an autogenerated ID from your LIMS, or modification of the isolate ID.	XYZ_123345			library_ID		
	Sequencing	GENEPIO:0001449	Covid-19		amplicon size	amplicon_size	WhitespaceMinimizedString										The length of the amplicon generated by PCR amplification.	Provide the amplicon size, including the units.	300bp			amplicon_size		
	Sequencing	GENEPIO:0001450	Covid-19		library preparation kit	library_preparation_kit	WhitespaceMinimizedString										The name of the DNA library preparation kit used to generate the library being sequenced.	Provide the name of the library preparation kit used.	Nextera XT					
	Sequencing	GENEPIO:0001451	Covid-19		flow cell barcode	flow_cell_barcode	WhitespaceMinimizedString										The barcode of the flow cell used for sequencing.	Provide the barcode of the flow cell used for sequencing the sample.	FAB06069					
	Sequencing	GENEPIO:0001452	Covid-19		sequencing instrument	sequencing_instrument	SequencingInstrumentMenu	NullValueMenu		TRUE		TRUE					The model of the sequencing instrument used.	Select the sequencing instrument from the pick list.	Oxford Nanopore MinION [GENEPIO:0100142]	Sequencing technology		platform;instrument_model	sequencing_technology	
	Sequencing	GENEPIO:0001453	Covid-19		sequencing protocol name	sequencing_protocol_name	WhitespaceMinimizedString				TRUE						The name and version number of the sequencing protocol used.	Provide the name and version of the sequencing protocol.	1D_DNA_MinION, ARTIC Network Protocol V3			sequencing_protocol_name		
	Sequencing	GENEPIO:0001454	Covid-19		sequencing protocol	sequencing_protocol	WhitespaceMinimizedString										The protocol used to generate the sequence.	Provide a free text description of the methods and materials used to generate the sequence. Suggested text, fill in information where indicated.: "Viral sequencing was performed following a tiling amplicon strategy using the <fill in> primer scheme. Sequencing was performed using a <fill in> sequencing instrument. Libraries were prepared using <fill in> library kit. "	Genomes were generated through amplicon sequencing of 1200 bp amplicons with Freed schema primers. Libraries were created using Illumina DNA Prep kits, and sequence data was produced using Miseq Micro v2 (500 cycles) sequencing kits.			design_description		
	Sequencing	GENEPIO:0001455	Covid-19		sequencing kit number	sequencing_kit_number	WhitespaceMinimizedString										The manufacturer's kit number.	Alphanumeric value.	AB456XYZ789					
	Sequencing	GENEPIO:0001456	Covid-19		amplicon pcr primer scheme	amplicon_pcr_primer_scheme	WhitespaceMinimizedString										The specifications of the primers (primer sequences, binding positions, fragment size generated etc) used to generate the amplicons to be sequenced.	Provide the name and version of the primer scheme used to generate the amplicons for sequencing.	https://github.com/joshquick/artic-ncov2019/blob/master/primer_schemes/nCoV-2019/V3/nCoV-2019.tsv			amplicon_pcr_primer_scheme		
																								
																								
		GENEPIO:0001457	Covid-19		Bioinformatics and QC metrics	bioinformatics_and_qc_metrics																		
	Bioinformatics and QC metrics	GENEPIO:0001458	Covid-19		raw sequence data processing method	raw_sequence_data_processing_method	WhitespaceMinimizedString				TRUE						#REF!					raw_sequence_data_processing_method 		
	Bioinformatics and QC metrics	GENEPIO:0001459	Covid-19		dehosting method	dehosting_method	WhitespaceMinimizedString				TRUE											dehosting_method		
	Bioinformatics and QC metrics	GENEPIO:0001460	Covid-19		consensus sequence name	consensus_sequence_name	WhitespaceMinimizedString																	
	Bioinformatics and QC metrics	GENEPIO:0001461	Covid-19		consensus sequence filename	consensus_sequence_filename	WhitespaceMinimizedString																filename	
	Bioinformatics and QC metrics	GENEPIO:0001462	Covid-19		consensus sequence filepath	consensus_sequence_filepath	WhitespaceMinimizedString										The filepath of the consensus sequence file.							
	Bioinformatics and QC metrics	GENEPIO:0001463	Covid-19		consensus sequence software name	consensus_sequence_software_name	WhitespaceMinimizedString			TRUE										Assembly method			assembly_method	
	Bioinformatics and QC metrics	GENEPIO:0001469	Covid-19		consensus sequence software version	consensus_sequence_software_version	decimal			TRUE										Assembly method			assembly_method_version	
	Bioinformatics and QC metrics	GENEPIO:0001472	Covid-19		breadth of coverage value	breadth_of_coverage_value	WhitespaceMinimizedString																	
	Bioinformatics and QC metrics	GENEPIO:0001474	Covid-19		depth of coverage value	depth_of_coverage_value	WhitespaceMinimizedString													Depth of coverage			genome_coverage	
	Bioinformatics and QC metrics	GENEPIO:0001475	Covid-19		depth of coverage threshold	depth_of_coverage_threshold	WhitespaceMinimizedString																	
	Bioinformatics and QC metrics	GENEPIO:0001476	Covid-19		r1 fastq filename	r1_fastq_filename	WhitespaceMinimizedString																	
	Bioinformatics and QC metrics	GENEPIO:0001477	Covid-19		r2 fastq filename	r2_fastq_filename	WhitespaceMinimizedString																	
	Bioinformatics and QC metrics	GENEPIO:0001478	Covid-19		r1 fastq filepath	r1_fastq_filepath	WhitespaceMinimizedString																	
	Bioinformatics and QC metrics	GENEPIO:0001479	Covid-19		r2 fastq filepath	r2_fastq_filepath	WhitespaceMinimizedString																	
	Bioinformatics and QC metrics	GENEPIO:0001480	Covid-19		fast5 filename	fast5_filename	WhitespaceMinimizedString																	
	Bioinformatics and QC metrics	GENEPIO:0001481	Covid-19		fast5 filepath	fast5_filepath	WhitespaceMinimizedString																	
	Bioinformatics and QC metrics	GENEPIO:0001482	Covid-19		number of base pairs sequenced	number_of_base_pairs_sequenced	integer						0											
	Bioinformatics and QC metrics	GENEPIO:0001483	Covid-19		consensus genome length	consensus_genome_length	integer						0											
	Bioinformatics and QC metrics	GENEPIO:0001484	Covid-19		Ns per 100 kbp	ns_per_100_kbp	decimal																	
	Bioinformatics and QC metrics	GENEPIO:0001485	Covid-19		reference genome accession	reference_genome_accession	WhitespaceMinimizedString																reference_genome	
	Bioinformatics and QC metrics	GENEPIO:0001489	Covid-19		bioinformatics protocol	bioinformatics_protocol	WhitespaceMinimizedString																	
		GENEPIO:0001498	Covid-19		Lineage and Variant information	lineage_and_variant_information																		
	Lineage and Variant information	GENEPIO:0001500	Covid-19		lineage/clade name	lineage_clade_name	WhitespaceMinimizedString										The name of the lineage or clade.	Provide the Pangolin or Nextstrain lineage/clade name.	B.1.1.7					
	Lineage and Variant information	GENEPIO:0001501	Covid-19		lineage/clade analysis software name	lineage_clade_analysis_software_name	WhitespaceMinimizedString										The name of the software used to determine the lineage/clade.	Provide the name of the software used to determine the lineage/clade.	Pangolin					
	Lineage and Variant information	GENEPIO:0001502	Covid-19		lineage/clade analysis software version	lineage_clade_analysis_software_version	WhitespaceMinimizedString										The version of the software used to determine the lineage/clade.	Provide the version of the software used ot determine the lineage/clade.	2.1.10					
	Lineage and Variant information	GENEPIO:0001503	Covid-19		variant designation	variant_designation	VariantDesignationMenu	NullValueMenu									The variant classification of the lineage/clade i.e. variant, variant of concern.	If the lineage/clade is considered a Variant of Concern, select Variant of Concern from the pick list. If the lineage/clade contains mutations of concern (mutations that increase transmission, clincal severity, or other epidemiological fa ctors) but it not a global Variant of Concern, select Variant. If the lineage/clade does not contain mutations of concern, leave blank.	Variant of Concern (VOC) [GENEPIO:0100083]					
	Lineage and Variant information	GENEPIO:0001505	Covid-19		variant evidence details	variant_evidence_details	WhitespaceMinimizedString										The evidence used to make the variant determination.	List the set of lineage-defining mutations used to make the variant determination. If there are mutations of interest/concern observed in addition to lineage-defining mutations, describe those here.	RT-qPCR TaqPath assay: S gene target failure					
		GENEPIO:0001506	Covid-19		Pathogen diagnostic testing	pathogen_diagnostic_testing																		
	Pathogen diagnostic testing	GENEPIO:0001507	Covid-19		gene name 1	gene_name_1	GeneNameMenu	NullValueMenu									The name of the gene used in the diagnostic RT-PCR test.	Select a gene from the pick list. If the gene of interest is not in the list, provide the full name of the gene or the gene symbol (short form of gene name). Standardized gene names and symbols can be found in the Gene Ontology using this look-up service: https://bit.ly/2Sq1LbI	E gene (orf4) [GENEPIO:0100151]		sars_cov_2_diag_gene_name_1			
	Pathogen diagnostic testing	GENEPIO:0001508	Covid-19		diagnostic pcr protocol 1	diagnostic_pcr_protocol_1	WhitespaceMinimizedString										The name and version number of the protocol used for diagnostic marker amplification.	The name and version number of the protocol used for carrying out a diagnostic PCR test. This information can be compared to sequence data for evaluation of performance and quality control.	PCREGene 2.0					
	Pathogen diagnostic testing	GENEPIO:0001509	Covid-19		diagnostic pcr Ct value 1	diagnostic_pcr_ct_value_1	WhitespaceMinimizedString										The cycle threshold (Ct) value result from a diagnostic SARS-CoV-2 RT-PCR test.	Provide the cycle threshold (Ct) value of the sample from the diagnostic RT-PCR test.	21		sars_cov_2_diag_pcr_ct_value_1			
	Pathogen diagnostic testing	GENEPIO:0001510	Covid-19		gene name 2	gene_name_2	GeneNameMenu	NullValueMenu									The name of the gene used in the diagnostic RT-PCR test.	Select a gene from the pick list. If the gene of interest is not in the list, provide the full name of the gene or the gene symbol (short form of gene name). Standardized gene names and symbols can be found in the Gene Ontology using this look-up service: https://bit.ly/2Sq1LbI	RdRp gene (nsp12) [GENEPIO:0100168]		sars_cov_2_diag_gene_name_2			
	Pathogen diagnostic testing	GENEPIO:0001511	Covid-19		diagnostic pcr protocol 2	diagnostic_pcr_protocol_2	WhitespaceMinimizedString										The name and version number of the protocol used for diagnostic marker amplification.	The name and version number of the protocol used for carrying out a second diagnostic PCR test. This information can be compared to sequence data for evaluation of performance and quality control.	PCRRdRpGene 3.0					
	Pathogen diagnostic testing	GENEPIO:0001512	Covid-19		diagnostic pcr Ct value 2	diagnostic_pcr_ct_value_2	WhitespaceMinimizedString										The cycle threshold (Ct) value result from a diagnostic SARS-CoV-2 RT-PCR test.	Provide the cycle threshold (Ct) value of the sample from the second diagnostic RT-PCR test.	36		sars_cov_2_diag_pcr_ct_value_2			
																								
		GENEPIO:0100322	Covid-19		NCBI SRA information	ncbi_sra_information																		
	NCBI SRA information	GENEPIO:0100323	Covid-19		title	title	WhitespaceMinimizedString										Short description that will identify  the dataset on public pages.	Format: {methodology} of {organism}: {sample info}	Genomic sequencing of SARS-CoV-2: Nasopharynx (NP), Swab			title		
	NCBI SRA information	GENEPIO:0100324	Covid-19		library_strategy	library_strategy	LibraryStrategyMenu										See NCBI SRA template for details.	Provide the library strategy by selecting a value from the pick list. For amplicon sequencing select "AMPLICON". 				library_strategy		
	NCBI SRA information	GENEPIO:0100325	Covid-19		library_source	library_source	LibrarySourceMenu										See NCBI SRA template for details.	Provide the library source by selecting a value from the pick list. For amplicon sequencing select "Viral RNA". 				library_source		
	NCBI SRA information	GENEPIO:0100326	Covid-19		library_selection	library_selection	LibrarySelectionMenu										See NCBI SRA template for details.	Provide the library selection by selecting a value from the pick list. For amplicon sequencing select "PCR". 				library_selection		
	NCBI SRA information	GENEPIO:0100327	Covid-19		library_layout	library_layout	LibraryLayoutMenu										See NCBI SRA template for details.	Provide the library layout by selecting a value from the pick list. For Illumina instruments, select "PAIRED". For Oxford Nanopore instruments, select "SINGLE".				library_layout		
	NCBI SRA information	GENEPIO:0100328	Covid-19		filetype	filetype	FiletypeMenu										See NCBI SRA template for details.	Provide the filetype by selecting a value from the pick list. 				filetype		
	NCBI SRA information	GENEPIO:0100329	Covid-19		filename	filename	WhitespaceMinimizedString										See NCBI SRA template for details.	Provide the appropriate filename recorded in the Bioinformatics and QC metrics section. If sequence data is "paired", provide the second filename under "Filename 2".				filename		
	NCBI SRA information	GENEPIO:0100330	Covid-19		filename2	filename2	WhitespaceMinimizedString										See NCBI SRA template for details.	Provide the appropriate filename recorded in the Bioinformatics and QC metrics section.				filename2		
																								
		GENEPIO:0001516	Covid-19		Contributor acknowledgement	contributor_acknowledgement																		
	Contributor acknowledgement	GENEPIO:0001517	Covid-19		authors	authors	WhitespaceMinimizedString				TRUE						Names of individuals contributing to the processes of sample collection, sequence generation, analysis, and data submission.	Include the first and last names of all individuals that should be attributed, separated by a comma.	Tejinder Singh, Fei Hu, Johnny Blogs	Authors				
	Contributor acknowledgement	GENEPIO:0001518	Covid-19		DataHarmonizer provenance	dataharmonizer_provenance	Provenance										The DataHarmonizer software and template version provenance.	The current software and template version information will be automatically generated in this field after the user utilizes the "validate" function. This information will be generated regardless as to whether the row is valid of not.	DataHarmonizer v1.4.3, PHA4GE v1.0.0					
																								