class_name	slot_group	slot_uri	title	name	range	range_2	identifier	multivalued	required	recommended	minimum_value	maximum_value	pattern	structured_pattern	description	comments	examples	EXPORT_BIOSAMPLE	EXPORT_NCBI_BIOSAMPLE_Enterics	EXPORT_NCBI_ANTIBIOGRAM	EXPORT_ENA_ANTIBIOGRAM						
GRDISample		GENEPIO:0001150	Sample collection and processing																								
	Sample collection and processing	GENEPIO:0001123	sample_collector_sample_ID	sample_collector_sample_id	WhitespaceMinimizedString		TRUE		TRUE						The user-defined name for the sample.	The sample_ID should represent the identifier assigned to the sample at time of collection, for which all the descriptive information applies. If the original sample_ID is unknown or cannot be provided, leave blank or provide a null value.	ABCD123	sample_name	sample_name	sample_name/biosample_accession							
	Sample collection and processing	GENEPIO:0100427	alternative_sample_ID	alternative_sample_id	WhitespaceMinimizedString				TRUE						An alternative sample_ID assigned to the sample by another organization.	"""Alternative identifiers assigned to the sample should be tracked along with original IDs to establish chain of custody. Alternative sample IDs should be provided in the in a prescribed format which consists of the ID followed by square brackets (no space in between the ID and bracket) containing the short form of ID provider’s agency name i.e. ID[short organization code]. Agency short forms include the following:
Public Health Agency of Canada: PHAC
Canadian Food Inspection Agency: CFIA
Agriculture and Agri-Food Canada: AAFC
Fisheries and Oceans Canada: DFO
Environment and Climate Change Canada: ECCC
Health Canada: HC 
Multiple identifiers can be provided and separated by semi-colons. If the information is unknown or cannot be provided, leave blank or provide a null value."""	ABCD1234[PHAC]; 12345rev[CFIA]										
	Sample collection and processing	GENEPIO:0001153	sample_collected_by	sample_collected_by	SampleCollectedByMenu	NullValueMenu			TRUE						The name of the agency, organization or institution with which the sample collector is affiliated.	Provide the name of the agency, organization or institution that collected the sample in full (avoid abbreviations). If the information is unknown or cannot be provided, leave blank or provide a null value.	Public Health Agency of Canada (PHAC) [GENEPIO:0100551]	collected_by	collected_by								
	Sample collection and processing	GENEPIO:0100428	sample_collected_by_laboratory_name	sample_collected_by_laboratory_name	WhitespaceMinimizedString										The specific laboratory affiliation of the sample collector.	Provide the name of the specific laboratory that collected the sample (avoid abbreviations). If the information is unknown or cannot be provided, leave blank or provide a null value.	Topp Lab										
	Sample collection and processing	GENEPIO:0100429	sample_collection_project_name	sample_collection_project_name	WhitespaceMinimizedString										The name of the project/initiative/program for which the sample was collected.	Provide the name of the project and/or the project ID here. If the information is unknown or cannot be provided, leave blank or provide a null value.	Watershed Project (HA-120)		project_name								
	Sample collection and processing	GENEPIO:0100430	sample_plan_name	sample_plan_name	WhitespaceMinimizedString					TRUE					The name of the study design for a surveillance project.	Provide the name of the sample plan used for sample collection. If the information is unknown or cannot be provided, leave blank or provide a null value.	National Microbiological Baseline Study in Broiler Chicken										
	Sample collection and processing	GENEPIO:0100431	sample_plan_ID	sample_plan_id	WhitespaceMinimizedString					TRUE					The identifier of the study design for a surveillance project.	Provide the identifier of the sample plan used for sample collection. If the information is unknown or cannot be provided, leave blank or provide a null value.	2001_M205										
	Sample collection and processing	GENEPIO:0100432	sample_collector_contact_name	sample_collector_contact_name	WhitespaceMinimizedString										The name or job title of the contact responsible for follow-up regarding the sample.	Provide the name of an individual or their job title. As personnel turnover may render the contact's name obsolete, it is more preferable to provide a job title for ensuring accuracy of information and institutional memory. If the information is unknown or cannot be provided, leave blank or provide a null value.	Enterics Lab Manager										
	Sample collection and processing	GENEPIO:0001156	sample_collector_contact_email	sample_collector_contact_email	WhitespaceMinimizedString	NullValueMenu			TRUE						The email address of the contact responsible for follow-up regarding the sample.	Provide the email associated with the listed contact. As personnel turnover may render an individual's email obsolete, it is more preferable to provide an address for a position or lab, to ensure accuracy of information and institutional memory. If the information is unknown or cannot be provided, leave blank or provide a null value.	johnnyblogs@lab.ca										
	Sample collection and processing	GENEPIO:0001198	purpose_of_sampling	purpose_of_sampling	PurposeOfSamplingMenu	NullValueMenu			TRUE						The reason that the sample was collected.	The reason a sample was collected may provide information about potential biases in sampling strategy. Provide the purpose of sampling from the picklist in the template. Most likely, the sample was collected for diagnostic testing. The reason why a sample was originally collected may differ from the reason why it was selected for sequencing, which should be indicated in the "purpose of sequencing" field. 	Surveillance [GENEPIO:0100004]	purpose_of_sampling	purpose_of_sampling								
	Sample collection and processing	GENEPIO:0100433	presampling_activity	presampling_activity	PresamplingActivityMenu	NullValueMenu									The experimental activities or variables that affected the sample collected.	If there was experimental activity that would affect the sample prior to collection (this is different than sample processing), provide the experimental activities by selecting one or more values from the template pick list. If the information is unknown or cannot be provided, leave blank or provide a null value.	Antimicrobial pre-treatment [GENEPIO:0100537]										
	Sample collection and processing	GENEPIO:0100434	presampling_activity_details	presampling_activity_details	WhitespaceMinimizedString										The details of the experimental activities or variables that affected the sample collected.	Briefly describe the experimental details using free text.	Chicken feed containing X amount of novobiocin was fed to chickens for 72 hours prior to collection of litter.										
	Sample collection and processing	GENEPIO:0101029	experimental_protocol_field	experimental_protocol_field	WhitespaceMinimizedString										The name of the overarching experimental methodology that was used to process the biomaterial.	Provide the name of the methodology used in your study. If available, provide a link to the protocol.	OneHealth2024_protocol										
	Sample collection and processing	GENEPIO:0100921	experimental_specimen_role_type	experimental_specimen_role_type	ExperimentalSpecimenRoleTypeMenu										The type of role that the sample represents in the experiment.	Samples can play different types of roles in experiments. A sample under study in one experiment may act as a control or be a replicate of another sample in another experiment. This field is used to distinguish samples under study from controls, replicates, etc.  If the sample acted as an experimental control or a replicate, select a role type from the picklist. If the sample was not a control, leave blank or select "Not Applicable".	Positive experimental control [GENEPIO:0101018]										
	Sample collection and processing	GENEPIO:0100435	specimen_processing	specimen_processing	SpecimenProcessingMenu	NullValueMenu									The processing applied to samples post-collection, prior to further testing, characterization, or isolation procedures.	Provide the sample processing information by selecting a value from the template pick list. If the information is unknown or cannot be provided, leave blank or provide a null value.	Samples pooled [OBI:0600016]										
	Sample collection and processing	GENEPIO:0100311	specimen_processing_details	specimen_processing_details	WhitespaceMinimizedString										The details of the processing applied to the sample during or after receiving the sample.	Briefly describe the processes applied to the sample.	25 samples were pooled and further prepared as a single sample during library prep.										
	Sample collection and processing	GENEPIO:0100939	nucleic acid extraction method	nucleic_acid_extraction_method	WhitespaceMinimizedString										The process used to extract genomic material from a sample.	Briefly describe the extraction method used.	Direct wastewater RNA capture and purification via the "Sewage, Salt, Silica and Salmonella (4S)" method v4 found at https://www.protocols.io/view/v-4-direct-wastewater-rna-capture-and-purification-36wgq581ygk5/v4										
	Sample collection and processing	GENEPIO:0100772	nucleic acid extraction kit	nucleic_acid_extraction_kit	WhitespaceMinimizedString										The kit used to extract genomic material from a sample	Provide the name of the genomic extraction kit used.	QIAamp PowerFecal Pro DNA Kit										
	Sample collection and processing	GENEPIO:0001181	geo_loc_name (country)	geo_loc_name_country	GeoLocNameCountryMenu	NullValueMenu			TRUE						The country of origin of the sample.	Provide the name of the country where the sample was collected. Use the controlled vocabulary provided in the template pick list.  If the information is unknown or cannot be provided, provide a null value.	Canada [GAZ:00002560]	geo_loc_name;geo_loc_name (country)	geo_loc_name								
	Sample collection and processing	GENEPIO:0001185	geo_loc_name (state/province/region)	geo_loc_name_state_province_region	GeoLocNameStateProvinceRegionMenu	NullValueMenu			TRUE						The state/province/territory of origin of the sample.	Provide the name of the province/state/region where the sample was collected.  If the information is unknown or cannot be provided, provide a null value.	British Columbia [GAZ:00002562]	geo_loc_name;geo_loc_name (state/province/region)	geo_loc_name								
	Sample collection and processing	GENEPIO:0100436	geo_loc_name (site)	geo_loc_name_site	WhitespaceMinimizedString										The name of a specific geographical location e.g. Credit River (rather than river).	Provide the name of the specific geographical site using a specific noun (a word that names a certain place, thing).	Credit River	geo_loc_name;geo_loc_name (site)									
	Sample collection and processing	GENEPIO:0100437	food_product_origin_geo_loc_name (country)	food_product_origin_geo_loc_name_country	GeoLocNameCountryMenu	NullValueMenu									The country of origin of a food product.	If a food product was sampled and the food product was manufactured outside of Canada, provide the name of the country where the food product originated by selecting a value from the template pick list. If the information is unknown or cannot be provided, leave blank or provide a null value.	United States of America [GAZ:00002459]		food_origin								
	Sample collection and processing	GENEPIO:0100438	host_origin_geo_loc_name (country)	host_origin_geo_loc_name_country	GeoLocNameCountryMenu	NullValueMenu									The country of origin of the host.	If a sample is from a human or animal host that originated from outside of Canada, provide the the name of the country where the host originated by selecting a value from the template pick list. If the information is unknown or cannot be provided, leave blank or provide a null value.	South Africa [GAZ:00001094]										
	Sample collection and processing	GENEPIO:0100309	geo_loc latitude	geo_loc_latitude	WhitespaceMinimizedString										The latitude coordinates of the geographical location of sample collection.	If known, provide the degrees latitude.  Do NOT simply provide latitude of the institution if this is not where the sample was collected, nor the centre of the city/region where the sample was collected as this falsely implicates an existing geographical location and creates data inaccuracies. If the information is unknown or cannot be provided, leave blank or provide a null value.	38.98 N		lat_lon								
	Sample collection and processing	GENEPIO:0100310	geo_loc longitude	geo_loc_longitude	WhitespaceMinimizedString										The longitude coordinates of the geographical location of sample collection.	If known, provide the degrees longitude.  Do NOT simply provide longitude of the institution if this is not where the sample was collected, nor the centre of the city/region where the sample was collected as this falsely implicates an existing geographical location and creates data inaccuracies. If the information is unknown or cannot be provided, leave blank or provide a null value.	77.11 W		lat_lon								
	Sample collection and processing	GENEPIO:0001174	sample_collection_date	sample_collection_date	date				TRUE			{today}			The date on which the sample was collected.	Provide the date according to the ISO 8601 standard "YYYY-MM-DD", "YYYY-MM" or "YYYY".	2020-10-30	sample collection date	collection_date								
	Sample collection and processing	GENEPIO:0001177	sample_collection_date_precision	sample_collection_date_precision	SampleCollectionDatePrecisionMenu	NullValueMenu			TRUE						The precision to which the "sample collection date" was provided.	Provide the precision of granularity to the "day", "month", or "year" for the date provided in the "sample collection date" field. The "sample collection date" will be truncated to the precision specified upon export; "day" for "YYYY-MM-DD", "month" for "YYYY-MM", or "year" for "YYYY".	day [UO:0000033]										
	Sample collection and processing	GENEPIO:0101071	sample_collection_end_date	sample_collection_end_date	date	NullValueMenu				TRUE	{sample_collection_date}	{today}			The date on which sample collection ended for a continuous sample.	Provide the date that sample collection ended in ISO 8601 format i.e. YYYY-MM-DD	2020-03-18										
	Sample collection and processing	GENEPIO:0100763	sample_processing_date	sample_processing_date	date	NullValueMenu					{sample_collection_date}	{today}			The date on which the sample was processed.	Provide the sample processed date in ISO 8601 format, i.e. "YYYY-MM-DD". The sample may be collected and processed (e.g. filtered, extraction) on the same day, or on different dates.	2020-03-16										
	Sample collection and processing	GENEPIO:0101072	sample_collection_start_time	sample_collection_start_time	time	NullValueMenu				TRUE					The time at which sample collection began.	Provide this time in ISO 8601 24hr format, in your local time.	17:15 PST										
	Sample collection and processing	GENEPIO:0101073	sample_collection_end_time	sample_collection_end_time	time	NullValueMenu				TRUE					The time at which sample collection ended.	Provide this time in ISO 8601 24hr format, in your local time.	19:15 PST										
	Sample collection and processing	GENEPIO:0100765	sample_collection_time_of_day	sample_collection_time_of_day	SampleCollectionTimeOfDayMenu	NullValueMenu									The descriptive time of day during which the sample was collected.	If known, select a value from the pick list. The time of sample processing matters especially for grab samples, as fecal concentration in wastewater fluctuates over the course of the day.	Morning										
	Sample collection and processing	GENEPIO:0100766	sample_collection_time_duration_value	sample_collection_time_duration_value	WhitespaceMinimizedString	NullValueMenu				TRUE					The amount of time over which the sample was collected.	Provide the numerical value of time.	1900-01-03										
	Sample collection and processing	GENEPIO:0100767	sample_collection_time_duration_unit	sample_collection_time_duration_unit	SampleCollectionDurationUnitMenu	NullValueMenu				TRUE					The units of the time duration measurement of sample collection.	Provide the units from the pick list.	Hour										
	Sample collection and processing	GENEPIO:0001179	sample_received_date	sample_received_date	date						{sample_collection_date}	{today}			The date on which the sample was received.	Provide the date according to the ISO 8601 standard "YYYY-MM-DD", "YYYY-MM" or "YYYY".	2020-11-15										
	Sample collection and processing	GENEPIO:0100439	original_sample_description	original_sample_description	WhitespaceMinimizedString										The original sample description provided by the sample collector.	Provide the sample description provided by the original sample collector. The original description is useful as it may provide further details, or can be used to clarify higher level classifications.	RTE Prosciutto from deli										
	Sample collection and processing	GENEPIO:0001232	environmental_site	environmental_site	EnvironmentalSiteMenu	NullValueMenu		TRUE		TRUE					An environmental location may describe a site in the natural or built environment e.g. hospital, wet market, bat cave.	If applicable, select the standardized term and ontology ID for the environmental site from the picklist provided. Multiple values can be provided, separated by a semi-colon.	Poultry hatchery [ENVO:01001874]	isolation_source;environmental_site	isolation_source;animal_env								
	Sample collection and processing	GENEPIO:0001223	environmental_material	environmental_material	EnvironmentalMaterialMenu	NullValueMenu		TRUE		TRUE					A substance obtained from the natural or man-made environment e.g. soil, water, sewage, door handle, bed handrail, face mask.	If applicable, select the standardized term and ontology ID for the environmental material from the picklist provided. Multiple values can be provided, separated by a semi-colon.	Soil [ENVO:00001998]; Water [CHEBI:15377]; Wastewater [ENVO:00002001]; Broom [ENVO:03501377]	isolation_source;environmental_material	isolation_source								
	Sample collection and processing	GENEPIO:0101197	environmental_material_constituent	environmental_material_constituent	WhitespaceMinimizedString										The material constituents that comprise an environmental material e.g. lead, plastic, paper.	If applicable, describe the material constituents for the environmental material. Multiple values can be provided, separated by a semi-colon.	lead; plastic										
	Sample collection and processing	GENEPIO:0100443	animal_or_plant_population	animal_or_plant_population	AnimalOrPlantPopulationMenu	NullValueMenu		TRUE		TRUE					The type of animal or plant population inhabiting an area.	This field should be used when a sample is taken from an environmental location inhabited by many individuals of a specific type, rather than describing a sample taken from one particular host. If applicable, provide the standardized term and ontology ID for the animal or plant population name. The standardized term can be sourced from this look-up service: https://www.ebi.ac.uk/ols/ontologies/genepio. If not applicable, leave blank.	Turkey [NCBITaxon:9103]										
	Sample collection and processing	GENEPIO:0001211	anatomical_material	anatomical_material	AnatomicalMaterialMenu	NullValueMenu		TRUE		TRUE					A substance obtained from an anatomical part of an organism e.g. tissue, blood.	An anatomical material is a substance taken from the body. If applicable, select the standardized term and ontology ID for the anatomical material from the picklist provided. Multiple values can be provided, separated by a semi-colon.	Tissue [UBERON:0000479]; Blood [UBERON:0000178]	isolation_source;anatomical_material	host_tissue_sampled;isolation_source								
	Sample collection and processing	GENEPIO:0001216	body_product	body_product	BodyProductMenu	NullValueMenu		TRUE		TRUE					A substance excreted/secreted from an organism e.g. feces, urine, sweat.	A body product is a substance produced by the body but meant to be excreted/secreted (i.e. not part of the body). If applicable, select the standardized term and ontology ID for the body product from the picklist provided. Multiple values can be provided, separated by a semi-colon.	Feces [UBERON:0001988]; Urine [UBERON:0001088]	isolation_source;body_product	host_body_product;isolation_source								
	Sample collection and processing	GENEPIO:0001214	anatomical_part	anatomical_part	AnatomicalPartMenu	NullValueMenu		TRUE		TRUE					An anatomical part of an organism e.g. oropharynx.	An anatomical part is a structure or location in the body. If applicable, select the standardized term and ontology ID for the anatomical material from the picklist provided. Multiple values can be provided, separated by a semi-colon.	Snout [UBERON:0006333]	isolation_source;anatomical_part	isolation_source								
	Sample collection and processing	GENEPIO:0100700	anatomical_region	anatomical_region	AnatomicalRegionMenu	NullValueMenu		TRUE		TRUE					A 3D region in space without well-defined compartmental boundaries; for example, the dorsal region of an ectoderm.	This field captures more granular spatial information on a host anatomical part e.g. dorso-lateral region vs back. Select a term from the picklist.	Dorso-lateral region [BSPO:0000080]										
	Sample collection and processing	GENEPIO:0100444	food_product	food_product	FoodProductMenu	NullValueMenu		TRUE		TRUE					A material consumed and digested for nutritional value or enjoyment.	This field includes animal feed. If applicable, select the standardized term and ontology ID for the anatomical material from the picklist provided. Multiple values can be provided, separated by a semi-colon.	Feather meal [FOODON:00003927]; Bone meal [ENVO:02000054]; Chicken breast [FOODON:00002703]	isolation_source;food_product	isolation_source;food_product_type								
	Sample collection and processing	GENEPIO:0100445	food_product_properties	food_product_properties	FoodProductPropertiesMenu	NullValueMenu		TRUE		TRUE					Any characteristic of the food product pertaining to its state, processing, or implications for consumers.	Provide any characteristics of the food product including whether it has been cooked, processed, preserved, any known information about its state (e.g. raw, ready-to-eat), any known information about its containment (e.g. canned), and any information about a label claim (e.g. organic, fat-free).	Food (chopped) [FOODON:00002777]; Ready-to-eat (RTE) [FOODON:03316636]	isolation_source;food_product_properties	isolation_source								
	Sample collection and processing	FOODON:03602001	label_claim	label_claim	LabelClaimMenu	NullValueMenu		TRUE							The claim made by the label that relates to food processing, allergen information etc.	Provide any characteristic of the food product, as described on the label only.	Antibiotic free [FOODON:03601063]		label_claims								
	Sample collection and processing	GENEPIO:0100446	animal_source_of_food	animal_source_of_food	AnimalSourceOfFoodMenu	NullValueMenu		TRUE		TRUE					The animal from which the food product was derived.	Provide the common name of the animal. If not applicable, leave blank. Multiple entries can be provided, separated by a comma.	Chicken [NCBITaxon:9031]		food_source								
	Sample collection and processing	GENEPIO:0100699	food_product_production_stream	food_product_production_stream	FoodProductProductionStreamMenu	NullValueMenu									A production pathway incorporating the processes, material entities (e.g. equipment, animals, locations), and conditions that participate in the generation of a food commodity.	Provide the name of the agricultural production stream from the picklist.	Beef cattle production stream [FOODON:03000452]		food_prod								
	Sample collection and processing	GENEPIO:0100447	food_packaging	food_packaging	FoodPackagingMenu	NullValueMenu		TRUE		TRUE					The type of packaging used to contain a food product.	If known, provide information regarding how the food product was packaged.	Plastic tray or pan [FOODON:03490126]	isolation_source;food_packaging	food_contain_wrap								
	Sample collection and processing	GENEPIO:0100615	food_quality_date	food_quality_date	date							{today}			A date recommended for the use of a product while at peak quality, this date is not a reflection of safety unless used on infant formula.	This date is typically labeled on a food product as "best if used by", best by", "use by", or "freeze by" e.g. 5/24/2020. If the date is known, leave blank or provide a null value.	2020-05-25		food_quality_date								
	Sample collection and processing	GENEPIO:0100616	food_packaging_date	food_packaging_date	date							{today}			A food product's packaging date as marked by a food manufacturer or retailer.	The packaging date should not be confused with, nor replaced by a Best Before date or other food quality date. If the date is known, leave blank or provide a null value.	2020-05-25										
	Sample collection and processing	GENEPIO:0001234	collection_device	collection_device	CollectionDeviceMenu	NullValueMenu				TRUE					The instrument or container used to collect the sample e.g. swab.	This field includes animal feed. If applicable, select the standardized term and ontology ID for the anatomical material from the picklist provided. Multiple values can be provided, separated by a semi-colon.	Drag swab [OBI:0002822]	isolation_source;collection_device	samp_collect_device;isolation_source								
	Sample collection and processing	GENEPIO:0001241	collection_method	collection_method	CollectionMethodMenu	NullValueMenu				TRUE					The process used to collect the sample e.g. phlebotomy, necropsy.	If applicable, provide the standardized term and ontology ID for the anatomical material from the picklist provided. Multiple values can be provided, separated by a semi-colon.	Rinsing for specimen collection [GENEPIO_0002116]	isolation_source;collection_method	isolation_source								
	Sample collection and processing	GENEPIO:0100768	sample_volume_measurement_value	sample_volume_measurement_value	WhitespaceMinimizedString										The numerical value of the volume measurement of the sample collected.	Provide the numerical value of volume.	5										
	Sample collection and processing	GENEPIO:0100769	sample_volume_measurement_unit	sample_volume_measurement_unit	SampleVolumeMeasurementUnitMenu										The units of the volume measurement of the sample collected.	Provide the units from the pick list.	milliliter (mL) [UO:0000098]										
	Sample collection and processing	GENEPIO:0101090	residual_sample_status	residual_sample_status	ResidualSampleStatusMenu										The status of the residual sample (whether any sample remains after its original use).	Residual samples are samples that remain after the sample material was used for its original purpose. Select a residual sample status from the picklist. If sample still exists, select "Residual sample remaining (some sample left)".	No residual sample (sample all used) [GENEPIO:0101088]										
	Sample collection and processing	GENEPIO:0100448	sample_storage_method	sample_storage_method	WhitespaceMinimizedString										A specification of the way that a specimen is or was stored.	Provide a description of how the sample was stored.	packed on ice during transport										
	Sample collection and processing	GENEPIO:0100449	sample_storage_medium	sample_storage_medium	WhitespaceMinimizedString										The material or matrix in which a sample is stored.	Provide a description of the medium in which the sample was stored.	PBS + 20% glycerol										
	Sample collection and processing	GENEPIO:0101014	sample_storage_duration_value	sample_storage_duration_value	WhitespaceMinimizedString										The numerical value of the time measurement during which a sample is in storage.	Provide the numerical value of time.	5										
	Sample collection and processing	GENEPIO:0101015	sample_storage_duration_unit	sample_storage_duration_unit	SampleStorageDurationUnitMenu										The units of a measured sample storage duration.	Provide the units from the pick list.	Day [UO:0000033]										
	Sample collection and processing	GENEPIO:0101085	nucleic_acid_storage_duration_value	nucleic_acid_storage_duration_value	WhitespaceMinimizedString										The numerical value of the time measurement during which the extracted nucleic acid is in storage.	Provide the numerical value of time.	5										
	Sample collection and processing	GENEPIO:0101086	nucleic_acid_storage_duration_unit	nucleic_acid_storage_duration_unit	NucleicAcidStorageDurationUnitMenu										The units of a measured extracted nucleic acid storage duration.	Provide the units from the pick list.	Year [UO:0000036]										
	Sample collection and processing	GENEPIO:0100690	available_data_types	available_data_types	AvailableDataTypesMenu	NullValueMenu		TRUE							The type of data that is available, that may or may not require permission to access.	This field provides information about additional data types that are available that may provide context for interpretation of the sequence data. Provide a term from the picklist for additional data types that are available. Additional data types may require special permission to access. Contact the data provider for more information.	Total coliform count [GENEPIO:0100729]										
	Sample collection and processing	GENEPIO:0101023	available_data_type_details	available_data_type_details	WhitespaceMinimizedString										Detailed information regarding other available data types.	Use this field to provide free text details describing other available data types that may provide context for interpreting genomic sequence data.	Pooled metagenomes containing extended spectrum beta-lactamase (ESBL) bacteria										
			Environmental conditions and measurements																								
	Environmental conditions and measurements	GENEPIO:0100440	water_depth	water_depth	WhitespaceMinimizedString										The depth of some water.	Provide the numerical depth only  of water only (without units).	5										
	Environmental conditions and measurements	GENEPIO:0101025	water_depth_units	water_depth_units	WaterDepthUnitsMenu	NullValueMenu									The units of measurement for water depth.	Provide the units of measurement for which the depth was recorded.	meter (m) [UO:0000008]										
	Environmental conditions and measurements	GENEPIO:0100697	sediment_depth	sediment_depth	WhitespaceMinimizedString										The depth of some sediment.	Provide the numerical depth only of the sediment (without units).	2										
	Environmental conditions and measurements	GENEPIO:0101026	sediment_depth_units	sediment_depth_units	SedimentDepthUnitsMenu	NullValueMenu									The units of measurement for sediment depth.	Provide the units of measurement for which the depth was recorded.	meter (m) [UO:0000008]										
	Environmental conditions and measurements	GENEPIO:0100441	air_temperature	air_temperature	WhitespaceMinimizedString										The temperature of some air.	Provide the numerical value for the temperature of the air (without units). 	25										
	Environmental conditions and measurements	GENEPIO:0101027	air_temperature_units	air_temperature_units	AirTemperatureUnitsMenu	NullValueMenu									The units of measurement for air temperature.	Provide the units of measurement for which the temperature was recorded.	degree Celsius (C) [UO:0000027]										
	Environmental conditions and measurements	GENEPIO:0100698	water_temperature	water_temperature	WhitespaceMinimizedString										The temperature of some water.	Provide the numerical value for the temperature of the water (without units). 	4										
	Environmental conditions and measurements	GENEPIO:0101028	water_temperature_units	water_temperature_units	WaterTemperatureUnitsMenu	NullValueMenu									The units of measurement for water temperature.	Provide the units of measurement for which the temperature was recorded.	degree Celsius (C) [UO:0000027]										
	Environmental conditions and measurements	GENEPIO:0100779	sampling_weather_conditions	sampling_weather_conditions	SamplingWeatherConditionsMenu	NullValueMenu		TRUE							The state of the atmosphere at a place and time as regards heat, dryness, sunshine, wind, rain, etc.	Provide the weather conditions at the time of sample collection.	Rain [ENVO:01001564]										
	Environmental conditions and measurements	GENEPIO:0100780	presampling_weather_conditions	presampling_weather_conditions	SamplingWeatherConditionsMenu	NullValueMenu									Weather conditions prior to collection that may affect the sample.	Provide the weather conditions prior to sample collection.	Rain [ENVO:01001564]										
	Environmental conditions and measurements	GENEPIO:0100911	precipitation_measurement_value	precipitation_measurement_value	Whitespaceminimizedstring	NullValueMenu									The amount of water which has fallen during a precipitation process.	Provide the quantity of precipitation in the area leading up to the time of sample collection.	12										
	Environmental conditions and measurements	GENEPIO:0100912	precipitation_measurement_unit	precipitation_measurement_unit	PrecipitationMeasurementUnitMenu	NullValueMenu									The units of measurement for the amount of water which has fallen during a precipitation process.	Provide the units of precipitation by selecting a value from the pick list.	inch										
	Environmental conditions and measurements	GENEPIO:0100913	precipitation_measurement_method	precipitation_measurement_method	WhitespaceMinimizedString										The process used to measure the amount of water which has fallen during a precipitation process.	Provide the name of the procedure or method used to measure precipitation.	Rain gauge over a 12 hour period prior to sample collection										
		GENEPIO:0001268	Host information	host_information																							
	Host information	GENEPIO:0001386	host (common name)	host_common_name	HostCommonNameMenu	NullValueMenu				TRUE					The commonly used name of the host.	If the sample is directly from a host, either a common or scientific name must be provided (although both can be included, if known).  If known, provide the common name.	Cow [NCBITaxon:9913]; Chicken [NCBITaxon:9913], Human [NCBITaxon:9606]		host								
	Host information	GENEPIO:0001387	host (scientific name)	host_scientific_name	HostScientificNameMenu	NullValueMenu				TRUE					The taxonomic, or scientific name of the host.	If the sample is directly from a host, either a common or scientific name must be provided (although both can be included, if known).  If known, select the scientific name from the picklist provided.	Bos taurus [NCBITaxon:9913]; Homo sapiens [NCBITaxon:9103]	host	isolation_source;host								
	Host information	GENEPIO:0100450	host (ecotype)	host_ecotype	WhitespaceMinimizedString										The biotype resulting from selection in a particular habitat, e.g. the A. thaliana Ecotype Ler.	Provide the name of the ecotype of the host organism.	Sea ecotype		host_variety								
	Host information	GENEPIO:0100451	host (breed)	host_breed	WhitespaceMinimizedString										A breed is a specific group of domestic animals or plants having homogeneous appearance, homogeneous behavior, and other characteristics that distinguish it from other animals or plants of the same species and that were arrived at through selective breeding.	Provide the name of the breed of the host organism.	Holstein	host_disease	host_animal_breed								
	Host information	GENEPIO:0100452	host (food production name)	host_food_production_name	HostFoodProductionNameMenu	NullValueMenu									The name of the host at a certain stage of food production, which may depend on its age or stage of sexual maturity.	Select the host's food production name from the pick list.	Calf [FOODON:03411349]		host								
	Host information	GENEPIO:0001394	host_age_bin	host_age_bin	HostAgeBinMenu	NullValueMenu									Age of host at the time of sampling, expressed as an age group.	Select the corresponding host age bin from the pick list provided in the template. If not available, provide a null value or leave blank.			host_age								
	Host information	GENEPIO:0001391	host_disease	host_disease	WhitespaceMinimizedString										The name of the disease experienced by the host.	This field is only required if the Pathogen.cl package was selected. If the host was sick, provide the name of the disease.The standardized term can be sourced from this look-up service: https://www.ebi.ac.uk/ols/ontologies/doid If the disease is not known, put “missing”.	mastitis, gastroenteritis		host_disease								
		GENEPIO:0100453	Strain and isolation information	strain_and_isolation_information																							
	Strain and isolation information	GENEPIO:0100454	microbiological_method	microbiological_method	WhitespaceMinimizedString					TRUE					The laboratory method used to grow, prepare, and/or isolate the microbial isolate.	Provide the name and version number of the microbiological method. The ID of the method is also acceptable if the ID can be linked to the laboratory that created the procedure.	MFHPB-30										
	Strain and isolation information	GENEPIO:0100455	strain	strain	WhitespaceMinimizedString										The strain identifier.	If the isolate represents or is derived from, a lab reference strain or strain from a type culture collection, provide the strain identifier.	K12		strain								
																											
																											
																											
																											
																											
																											
																											
	Strain and isolation information	GENEPIO:0001191	organism	organism	OrganismMenu	NullValueMenu		TRUE	TRUE						Taxonomic name of the organism.	Put the genus and species (and subspecies if applicable) of the bacteria, if known. The standardized term can be sourced from this look-up service: https://www.ebi.ac.uk/ols/ontologies/ncbitaxon. Note: If taxonomic identification was performed using metagenomic approaches, multiple organisms may be included. There is no need to list organisms detected as the result of noise in the data (only a few reads present). Only include organism names that you are confident are present. Also include the taxonomic mapping software and reference database(s) used.	Salmonella enterica subsp. enterica [NCBITaxon:59201]	organism	organism								
	Strain and isolation information	GENEPIO:0100583	taxonomic_identification_process	taxonomic_identification_process	TaxonomicIdentificationProcessMenu	NullValueMenu				TRUE					The type of planned process by which an organismal entity is associated with a taxon or taxa.	Provide the type of method used to determine the taxonomic identity of the organism by selecting a value from the pick list. If the information is unknown or cannot be provided, leave blank or provide a null value.	PCR assay [OBI:0002740]										
	Strain and isolation information	GENEPIO:0100584	taxonomic_identification_process_details	taxonomic_identification_process_details	WhitespaceMinimizedString										The details of the process used to determine the taxonomic identification of an organism.	Briefly describe the taxonomic identififcation method details using free text.	Biolog instrument										
	Strain and isolation information	GENEPIO:0100467	serovar	serovar	WhitespaceMinimizedString					TRUE					The serovar of the organism.	Only include this information if it has been determined by traditional serological methods or a validated in silico prediction tool e.g. SISTR.	Heidelberg		serovar								
	Strain and isolation information	GENEPIO:0100468	serotyping_method	serotyping_method	WhitespaceMinimizedString					TRUE					The method used to determine the serovar.	If the serovar was determined via traditional serotyping methods, put “Traditional serotyping”. If the serovar was determined via in silico methods, provide the name and version number of the software.	SISTR 1.0.1										
	Strain and isolation information	GENEPIO:0100469	phagetype	phagetype	WhitespaceMinimizedString										The phagetype of the organism.	Provide if known. If unknown, put “missing”.	47										
		GENEPIO:0001441	Sequence information	sequence_information																							
	Sequence information	GENEPIO:0001448	library_ID	library_id	WhitespaceMinimizedString										The user-specified identifier for the library prepared for sequencing.	Every "library ID" from a single submitter must be unique. It can have any format, but we suggest that you make it concise, unique and consistent within your lab, and as informative as possible.	LS_2010_NP_123446										
	Sequence information	GENEPIO:0100416	sequenced_by	sequenced_by	SequencedByMenu	NullValueMenu			TRUE						The name of the agency, organization or institution responsible for sequencing the isolate's genome.	Provide the name of the agency, organization or institution that performed the sequencing in full (avoid abbreviations). If the information is unknown or cannot be provided, leave blank or provide a null value.	Public Health Agency of Canada (PHAC) [GENEPIO:0100551]	sequenced_by	sequenced_by								
	Sequence information	GENEPIO:0100470	sequenced_by_laboratory_name	sequenced_by_laboratory_name	WhitespaceMinimizedString										The specific laboratory affiliation of the responsible for sequencing the isolate's genome.	Provide the name of the specific laboratory that that performed the sequencing in full (avoid abbreviations). If the information is unknown or cannot be provided, leave blank or provide a null value.	Topp Lab										
	Sequence information	GENEPIO:0100471	sequenced_by_contact_name	sequenced_by_contact_name	WhitespaceMinimizedString	NullValueMenu			TRUE						The name or title of the contact responsible for follow-up regarding the sequence.	Provide the name of an individual or their job title. As personnel turnover may render the contact's name obsolete, it is more prefereable to provide a job title for ensuring accuracy of information and institutional memory. If the information is unknown or cannot be provided, leave blank or provide a null value.	Enterics Lab Manager										
	Sequence information	GENEPIO:0100422	sequenced_by_contact_email	sequenced_by_contact_email	WhitespaceMinimizedString	NullValueMenu			TRUE						The email address of the contact responsible for follow-up regarding the sequence.	Provide the email associated with the listed contact. As personnel turnover may render an individual's email obsolete, it is more prefereable to provide an address for a position or lab, to ensure accuracy of information and institutional memory. If the information is unknown or cannot be provided, leave blank or provide a null value.	enterics@lab.ca										
	Sequence information	GENEPIO:0001445	purpose_of_sequencing	purpose_of_sequencing	PurposeOfSequencingMenu	NullValueMenu		TRUE	TRUE						The reason that the sample was sequenced.	Provide the reason for sequencing by selecting a value from the following pick list: Diagnostic testing, Surveillance, Monitoring, Clinical trial, Field experiment, Environmental testing. If the information is unknown or cannot be provided, leave blank or provide a null value.	Research [GENEPIO:0100003]	purpose_of_sequencing									
	Sequence information	GENEPIO:0001447	sequencing_date	sequencing_date	date	NullValueMenu			TRUE		{sample_collection_date}	{today}			The date the sample was sequenced.	ISO 8601 standard "YYYY-MM-DD".	2020-06-22										
	Sequence information	GENEPIO:0100472	sequencing_project_name	sequencing_project_name	WhitespaceMinimizedString										The name of the project/initiative/program for which sequencing was performed.	Provide the name of the project and/or the project ID here. If the information is unknown or cannot be provided, leave blank or provide a null value.	AMR-GRDI (PA-1356)										
	Sequence information	GENEPIO:0100473	sequencing_platform	sequencing_platform	SequencingPlatformMenu	NullValueMenu									The platform technology used to perform the sequencing.	Provide the name of the company that created the sequencing instrument by selecting a value from the template pick list. If the information is unknown or cannot be provided, leave blank or provide a null value.	Illumina [GENEPIO:0001923]										
	Sequence information	GENEPIO:0001452	sequencing_instrument	sequencing_instrument	SequencingInstrumentMenu	NullValueMenu									The model of the sequencing instrument used.	Provide the model sequencing instrument by selecting a value from the template pick list. If the information is unknown or cannot be provided, leave blank or provide a null value.	Illumina HiSeq 2500 [GENEPIO:0100117]										
	Sequence information	GENEPIO:0100997	sequencing_assay_type	sequencing_assay_type	SequencingAssayTypeMenu										The overarching sequencing methodology that was used to determine the sequence of a biomaterial.	Example Guidance: Provide the name of the DNA or RNA sequencing technology used in your study. If unsure refer to the protocol documentation, or provide a null value.	whole genome sequencing assay [OBI:0002117]										
	Sequence information	GENEPIO:0001450	library_preparation_kit	library_preparation_kit	WhitespaceMinimizedString										The name of the DNA library preparation kit used to generate the library being sequenced.	Provide the name of the library preparation kit used.	Nextera XT										
	Sequence information	GENEPIO:0100843	DNA_fragment_length	dna_fragment_length	integer										The length of the DNA fragment generated by mechanical shearing or enzymatic digestion for the purposes of library preparation.	Provide the fragment length in base pairs (do not include the units).	400										
	Sequence information	GENEPIO:0100966	genomic_target_enrichment_method	genomic_target_enrichment_method	GenomicTargetEnrichmentMethodMenu										The molecular technique used to selectively capture and amplify specific regions of interest from a genome.	Provide the name of the enrichment method	Hybrid selection method (bait-capture) [GENEPIO:0001950]										
	Sequence information	GENEPIO:0100967	genomic_target_enrichment_method_details	genomic_target_enrichment_method_details	WhitespaceMinimizedString										Details that provide additional context to the molecular technique used to selectively capture and amplify specific regions of interest from a genome.	Provide details that are applicable to the method you used. Note: If bait-capture methods were used for enrichment, provide the panel name and version number (or a URL providing that information).	enrichment was done using Twist's respiratory virus research panel: https://www.twistbioscience.com/products/ngs/fixed-panels/respiratory-virus-research-panel										
	Sequence information	GENEPIO:0001456	amplicon_pcr_primer_scheme	amplicon_pcr_primer_scheme	WhitespaceMinimizedString										The specifications of the primers (primer sequences, binding positions, fragment size generated etc) used to generate the amplicons to be sequenced.	Provide the name and version of the primer scheme used to generate the amplicons for sequencing.	artic v3										
	Sequence information	GENEPIO:0001449	amplicon_size	amplicon_size	integer										The length of the amplicon generated by PCR amplification.	Provide the amplicon size expressed in base pairs.	300										
	Sequence information	GENEPIO:0101102	sequencing_flow_cell_version	sequencing_flow_cell_version	WhitespaceMinimizedString										The version number of the flow cell used for generating sequence data.	Flow cells can vary in terms of design, chemistry, capacity, etc. The version of the flow cell used to generate sequence data can affect sequence quantity and quality. Record the version of the flow cell used to generate sequence data. Do not include "version" or "v" in the version number.	R.9.4.1										
	Sequence information	GENEPIO:0001454	sequencing_protocol	sequencing_protocol	WhitespaceMinimizedString										The protocol or method used for sequencing.	Provide the name and version of the procedure or protocol used for sequencing. You can also provide a link to a protocol online.	https://www.protocols.io/view/ncov-2019-sequencing-protocol-bbmuik6w?version_warning=no										
	Sequence information	GENEPIO:0001476	r1_fastq_filename	r1_fastq_filename	WhitespaceMinimizedString										The user-specified filename of the r1 FASTQ file.	Provide the r1 FASTQ filename.	ABC123_S1_L001_R1_001.fastq.gz										
	Sequence information	GENEPIO:0001477	r2_fastq_filename	r2_fastq_filename	WhitespaceMinimizedString										The user-specified filename of the r2 FASTQ file.	Provide the r2 FASTQ filename.	ABC123_S1_L001_R2_001.fastq.gz										
	Sequence information	GENEPIO:0001480	fast5_filename	fast5_filename	WhitespaceMinimizedString										The user-specified filename of the FAST5 file.	Provide the FAST5 filename.	batch1a_sequences.fast5										
	Sequence information	GENEPIO:0101715	genome_sequence_filename	genome_sequence_filename	WhitespaceMinimizedString										The user-defined filename of the FASTA file.	Provide the FASTA filename.	pathogenassembly123.fasta										
		GENEPIO:0001457	Bioinformatics and QC metrics																								
	Bioinformatics and QC metrics	GENEPIO:0100557	quality_control_method_name	quality_control_method_name	WhitespaceMinimizedString										The name of the method used to assess whether a sequence passed a predetermined quality control threshold.	Providing the name of the method used for quality control is very important for interpreting the rest of the QC information. Method names can be provided as the name of a pipeline or a link to a GitHub repository. Multiple methods should be listed and separated by a semi-colon. Do not include QC tags in other fields if no method name is provided.	ncov-tools										
	Bioinformatics and QC metrics	GENEPIO:0100558	quality_control_method_version	quality_control_method_version	WhitespaceMinimizedString										The version number of the method used to assess whether a sequence passed a predetermined quality control threshold.	Methods updates can make big differences to their outputs. Provide the version of the method used for quality control. The version can be expressed using whatever convention the developer implements (e.g. date, semantic versioning). If multiple methods were used, record the version numbers in the same order as the method names. Separate the version numbers using a semi-colon.	1.2.3										
	Bioinformatics and QC metrics	GENEPIO:0100559	quality_control_determination	quality_control_determination	QualityControlDeterminationMenu	NullValueMenu		TRUE							The determination of a quality control assessment.	Select a value from the pick list provided. If a desired value is missing, submit a new term request to the PHA4GE QC Tag GitHub issuetracker using the New Term Request form.	sequence failed quality control										
	Bioinformatics and QC metrics	GENEPIO:0100560	quality_control_issues	quality_control_issues	QualityControlIssuesMenu	NullValueMenu		TRUE							The reason contributing to, or causing, a low quality determination in a quality control assessment.	Select a value from the pick list provided. If a desired value is missing, submit a new term request to the PHA4GE QC Tag GitHub issuetracker using the New Term Request form.	low average genome coverage										
	Bioinformatics and QC metrics	GENEPIO:0100561	quality_control_details	quality_control_details	WhitespaceMinimizedString										The details surrounding a low quality determination in a quality control assessment.	Provide notes or details regarding QC results using free text.	CT value of 39. Low viral load. Low DNA concentration after amplification.										
	Bioinformatics and QC metrics	GENEPIO:0001458	raw_sequence_data_processing_method	raw_sequence_data_processing_method	WhitespaceMinimizedString	NullValueMenu				TRUE					The method used for raw data processing such as removing barcodes, adapter trimming, filtering etc.	Raw data processing can have a significant impact on data quality and how it can be used. Provide the names and version numbers of software used for trimming adaptors, quality filtering, etc (e.g. Trimmomatic v. 0.38, Porechop v. 0.2.3), or a link to a GitHub protocol. 	Porechop 0.2.3										
	Bioinformatics and QC metrics	GENEPIO:0001459	dehosting_method	dehosting_method	WhitespaceMinimizedString	NullValueMenu				TRUE					The method used to remove host reads from the pathogen sequence.	Provide the name and version number of the software used to remove host reads.	Nanostripper										
	Bioinformatics and QC metrics	GENEPIO:0100825	sequence_assembly_software_name	sequence_assembly_software_name	WhitespaceMinimizedString	NullValueMenu									The name of the software used to assemble a sequence.	Provide the name of the software used to assemble the sequence.	SPAdes Genome Assembler, Canu, wtdbg2, velvet										
	Bioinformatics and QC metrics	GENEPIO:0100826	sequence_assembly_software_version	sequence_assembly_software_version	WhitespaceMinimizedString	NullValueMenu									The version of the software used to assemble a sequence.	Provide the version of the software used to assemble the sequence.	3.15.5										
	Bioinformatics and QC metrics	GENEPIO:0001463	consensus_sequence_software_name	consensus_sequence_software_name	WhitespaceMinimizedString	NullValueMenu									The name of the software used to generate the consensus sequence.	Provide the name of the software used to generate the consensus sequence.	iVar										
	Bioinformatics and QC metrics	GENEPIO:0001469	consensus_sequence_software_version	consensus_sequence_software_version	WhitespaceMinimizedString	NullValueMenu									The version of the software used to generate the consensus sequence.	Provide the version of the software used to generate the consensus sequence.	1.3										
	Bioinformatics and QC metrics	GENEPIO:0001472	breadth_of_coverage_value	breadth_of_coverage_value	WhitespaceMinimizedString										The percentage of the reference genome covered by the sequenced data, to a prescribed depth.	Provide value as a percent.	95										
	Bioinformatics and QC metrics	GENEPIO:0001474	depth_of_coverage_value	depth_of_coverage_value	WhitespaceMinimizedString										The average number of reads representing a given nucleotide in the reconstructed sequence.	Provide value as a fold of coverage.	400										
	Bioinformatics and QC metrics	GENEPIO:0001475	depth_of_coverage_threshold	depth_of_coverage_threshold	WhitespaceMinimizedString										The threshold used as a cut-off for the depth of coverage.	Provide the threshold fold coverage.	100										
	Bioinformatics and QC metrics	GENEPIO:0100844	genome_completeness	genome_completeness	WhitespaceMinimizedString										The percentage of expected genes identified in the genome being sequenced. Missing genes indicate missing genomic regions (incompleteness) in the data.	Provide the genome completeness as a percent (no need to include units).	85										
	Bioinformatics and QC metrics	GENEPIO:0001482	number_of_base_pairs_sequenced	number_of_base_pairs_sequenced	integer										The number of total base pairs generated by the sequencing process.	Provide a numerical value (no need to include units).	387566										
	Bioinformatics and QC metrics	GENEPIO:0100827	number_of_total_reads	number_of_total_reads	integer										The total number of non-unique reads generated by the sequencing process.	Provide a numerical value (no need to include units).	423867										
	Bioinformatics and QC metrics	GENEPIO:0100828	number_of_unique_reads	number_of_unique_reads	integer										The number of unique reads generated by the sequencing process.	Provide a numerical value (no need to include units).	248236										
	Bioinformatics and QC metrics	GENEPIO:0100829	minimum_post-trimming_read_length	minimum_posttrimming_read_length	integer										The threshold used as a cut-off for the minimum length of a read after trimming.	Provide a numerical value (no need to include units).	150										
	Bioinformatics and QC metrics	GENEPIO:0100937	number_of_contigs	number_of_contigs	integer										The number of contigs (contiguous sequences) in a sequence assembly.	Provide a numerical value.	10										
	Bioinformatics and QC metrics	GENEPIO:0100830	percent_Ns_across_total_genome_length	percent_ns_across_total_genome_length	integer										The percentage of the assembly that consists of ambiguous bases (Ns).	Provide a numerical value (no need to include units).	2										
	Bioinformatics and QC metrics	GENEPIO:0001484	Ns_per_100_kbp	ns_per_100_kbp	integer										The number of ambiguous bases (Ns) normalized per 100 kilobasepairs (kbp).	Provide a numerical value (no need to include units).	342										
	Bioinformatics and QC metrics	GENEPIO:0100938	N50	n50	integer										The length of the shortest read that, together with other reads, represents at least 50% of the nucleotides in a set of sequences.	Provide the N50 value in Mb.	150										
	Bioinformatics and QC metrics	GENEPIO:0100845	percent_read_contamination	percent_read_contamination_	integer										The percent of the total number of reads identified as contamination (not belonging to the target organism) in a sequence dataset.	Provide the percent contamination value (no need to include units).	2										
	Bioinformatics and QC metrics	GENEPIO:0100846	sequence_assembly_length	sequence_assembly_length	integer										The length of the genome generated by assembling reads using a scaffold or by reference-based mapping.	Provide a numerical value (no need to include units).	34272										
	Bioinformatics and QC metrics	GENEPIO:0001483	consensus_genome_length	consensus_genome_length	integer										The length of the genome defined by the most common nucleotides at each position.	Provide a numerical value (no need to include units).	38677										
	Bioinformatics and QC metrics	GENEPIO:0001485	reference_genome_accession	reference_genome_accession	WhitespaceMinimizedString										A persistent, unique identifier of a genome database entry.	Provide the accession number of the reference genome.	NC_045512.2										
	Bioinformatics and QC metrics	GENEPIO:0100831	deduplication_method	deduplication_method	WhitespaceMinimizedString										The method used to remove duplicated reads in a sequence read dataset.	Provide the deduplication software name followed by the version, or a link to a tool or method.	DeDup 0.12.8										
	Bioinformatics and QC metrics	GENEPIO:0001489	bioinformatics_protocol	bioinformatics_protocol	WhitespaceMinimizedString										A description of the overall bioinformatics strategy used.	Further details regarding the methods used to process raw data, and/or generate assemblies, and/or generate consensus sequences can. This information can be provided in an SOP or protocol or pipeline/workflow. Provide the name and version number of the protocol, or a GitHub link to a pipeline or workflow.	https://github.com/phac-nml/ncov2019-artic-nf										
		GENEPIO:0101082	Taxonomic identification information																								
	Taxonomic identification information	GENEPIO:0100832	read_mapping_software_name	read_mapping_software_name	WhitespaceMinimizedString										The name of the software used to map sequence reads to a reference genome or set of reference genes.	Provide the name of the read mapping software.	Bowtie2, BWA-MEM, TopHat										
	Taxonomic identification information	GENEPIO:0100833	read_mapping_software_version	read_mapping_software_version	WhitespaceMinimizedString										The version of the software used to map sequence reads to a reference genome or set of reference genes.	Provide the version number of the read mapping software.	2.5.1										
	Taxonomic identification information	GENEPIO:0100834	taxonomic_reference_database_name	taxonomic_reference_database_name	WhitespaceMinimizedString										The name of the taxonomic reference database used to identify the organism.	Provide the name of the taxonomic reference database.	NCBITaxon										
	Taxonomic identification information	GENEPIO:0100835	taxonomic_reference_database_version	taxonomic_reference_database_version	WhitespaceMinimizedString										The version of the taxonomic reference database used to identify the organism.	Provide the version number of the taxonomic reference database.	1.3										
	Taxonomic identification information	GENEPIO:0101074	taxonomic_analysis_report_filename	taxonomic_analysis_report_filename	WhitespaceMinimizedString										The filename of the report containing the results of a taxonomic analysis.	Provide the filename of the report containing the results of the taxonomic analysis.	WWtax_report_Feb1_2024.doc										
	Taxonomic identification information	GENEPIO:0101075	taxonomic_analysis_date	taxonomic_analysis_date	date							{today}			The date a taxonomic analysis was performed.	Providing the date that an analyis was performed can help provide context for tool and reference database versions. Provide the date that the taxonomic analysis was performed in ISO 8601 format, i.e. "YYYY-MM-DD".	2024-02-01										
	Taxonomic identification information	GENEPIO:0100836	read_mapping_criteria	read_mapping_criteria	WhitespaceMinimizedString										A description of the criteria used to map reads to a reference sequence.	Provide a description of the read mapping criteria.	Phred score >20										
		GENEPIO:0100477	Public repository information	public_repository_information																							
	Public repository information	GENEPIO:0001159	sequence_submitted_by	sequence_submitted_by	SequenceSubmittedByMenu	NullValueMenu									The name of the agency that submitted the sequence to a database.	The name of the agency should be written out in full, (with minor exceptions) and be consistent across multiple submissions. If submitting specimens rather than sequencing data, please put the "National Microbiology Laboratory (NML)".	Environment and Climate Change Canada (ECCC) [GENEPIO:0100555]										
	Public repository information	GENEPIO:0100474	sequence_submitted_by_contact_name	sequence_submitted_by_contact_name	WhitespaceMinimizedString										The name or title of the contact responsible for follow-up regarding the submission of the sequence to a repository or database.	Provide the name of an individual or their job title. As personnel turnover may render the contact's name obsolete, it is prefereable to provide a job title for ensuring accuracy of information and institutional memory. If the information is unknown or cannot be provided, leave blank or provide a null value.	Enterics Lab Manager										
	Public repository information	GENEPIO:0001165	sequence_submitted_by_contact_email	sequence_submitted_by_contact_email	WhitespaceMinimizedString										The email address of the agency responsible for submission of the sequence.	The email address can represent a specific individual or lab e.g. johnnyblogs@lab.ca, or RespLab@lab.ca	RespLab@lab.ca										
	Public repository information	GENEPIO:0100475	publication_ID	publication_id	WhitespaceMinimizedString										The identifier for a publication.	If the isolate is associated with a published work which can provide additional information, provide the PubMed identifier of the publication. Other types of identifiers (e.g. DOI) are also acceptable.	PMID: 33205991										
	Public repository information	GENEPIO:0100476	attribute_package	attribute_package	AttributePackageMenu	NullValueMenu									The attribute package used to structure metadata in an INSDC BioSample.	If the sample is from a specific human or animal, put “Pathogen.cl”. If the sample is from an environmental sample including food, feed, production facility, farm, water source, manure etc, put “Pathogen.env”.	Pathogen.env [GENEPIO:0100581]										
	Public repository information	GENEPIO:0001136	bioproject_accession	bioproject_accession	WhitespaceMinimizedString										The INSDC accession number of the BioProject(s) to which the BioSample belongs.	Required if submission is linked to a BioProject. BioProjects are an organizing tool that links together raw sequence data, assemblies, and their associated metadata. A valid BioProject accession has prefix PRJN, PRJE or PRJD, e.g., PRJNA12345 and is created once at the beginning of a new sequencing project. Your laboratory can have one or many BioProjects.	PRJNA12345	bioproject_accession	bioproject_accession								
	Public repository information	GENEPIO:0001139	biosample_accession	biosample_accession	WhitespaceMinimizedString										The identifier assigned to a BioSample in INSDC archives.	Store the accession returned from the BioSample submission. NCBI BioSamples will have the prefix SAMN, whileEMBL- EBI BioSamples will have the prefix SAMEA.	SAMN14180202				bioSample_ID						
	Public repository information	GENEPIO:0001142	SRA_accession	sra_accession	WhitespaceMinimizedString										The Sequence Read Archive (SRA), European Nucleotide Archive (ENA) or DDBJ Sequence Read Archive (DRA) identifier linking raw read data, methodological metadata and quality control metrics submitted to the INSDC.	Store the accession assigned to the submitted "run". NCBI-SRA accessions start with SRR, EBI-ENA runs start with ERR and DRA accessions start with DRR.	SRR11177792										
	Public repository information	GENEPIO:0001145	GenBank_accession	genbank_accession	WhitespaceMinimizedString										The GenBank/ENA/DDBJ identifier assigned to the sequence in the INSDC archives.	Store the accession returned from a GenBank/ENA/DDBJ submission.	MN908947.3										
		GENEPIO:0100478	Risk assessment information	risk_assessment_information																							
	Risk assessment information	GENEPIO:0100480	prevalence_metrics	prevalence_metrics	WhitespaceMinimizedString					TRUE					Metrics regarding the prevalence of the pathogen of interest obtained from a surveillance project.	Risk assessment requires detailed information regarding the quantities of a pathogen in a specified location, commodity, or environment. As such, it is useful for risk assessors to know what types of information are available through documented methods and results. Provide the metric types that are available in the surveillance project sample plan by selecting them from the pick list. The metrics of interest are " Number of total samples collected", "Number of positive samples", "Average count of hazard organism", "Average count of indicator organism". You do not need to provide the actual values, just indicate that the information is available.	Number of total samples collected, Number of positive samples										
	Risk assessment information	GENEPIO:0100481	prevalence_metrics_details	prevalence_metrics_details	WhitespaceMinimizedString					TRUE					The details pertaining to the prevalence metrics from a surveillance project.	If there are details pertaining to samples or organism counts in the sample plan that might be informative, provide details using free text.	Hazard organism counts (i.e. Salmonella) do not distinguish between serovars.										
	Risk assessment information	GENEPIO:0100482	stage_of_production	stage_of_production	WhitespaceMinimizedString	NullValueMenu				TRUE					The stage of food production.	Provide the stage of food production as free text.	Abattoir [ENVO:01000925]										
	Risk assessment information	GENEPIO:0100483	experimental_intervention	experimental_intervention	ExperimentalInterventionMenu	NullValueMenu		TRUE		TRUE					The category of the experimental intervention applied in the food production system.	In some surveys, a particular intervention in the food supply chain in studied. If there was an intervention specified in the sample plan, select the intervention category from the pick list provided.	Vaccination [NCIT:C15346]		upstream_intervention								
	Risk assessment information	GENEPIO:0100484	experiment_intervention_details	experiment_intervention_details	WhitespaceMinimizedString					TRUE					The details of the experimental intervention applied in the food production system.	If an experimental intervention was applied in the survey, provide details in this field as free text.	2% cranberry solution mixed in feed										
		GENEPIO:0100479	Antimicrobial resistance	antimicrobial_resistance																							
	Antimicrobial resistance	GENEPIO:0100511	AMR_testing_by	amr_testing_by	AmrTestingByMenu	NullValueMenu			TRUE						The name of the organization that performed the antimicrobial resistance testing.	Provide the name of the agency, organization or institution that performed the AMR testing, in full (avoid abbreviations). If the information is unknown or cannot be provided, leave blank or provide a null value.	Canadian Food Inspection Agency (CFIA) [GENEPIO:0100552]										
	Antimicrobial resistance	GENEPIO:0100512	AMR_testing_by_laboratory_name	amr_testing_by_laboratory_name	WhitespaceMinimizedString										The name of the lab within the organization that performed the antimicrobial resistance testing.	Provide the name of the specific laboratory that performed the AMR testing (avoid abbreviations). If the information is unknown or cannot be provided, leave blank or provide a null value.	Topp Lab										
	Antimicrobial resistance	GENEPIO:0100513	AMR_testing_by_contact_name	amr_testing_by_contact_name	WhitespaceMinimizedString	NullValueMenu			TRUE						The name of the individual or the individual's role in the organization that performed the antimicrobial resistance testing.	Provide the name of an individual or their job title. As personnel turnover may render the contact's name obsolete, it is more preferable to provide a job title for ensuring accuracy of information and institutional memory. If the information is unknown or cannot be provided, leave blank or provide a null value.	Enterics Lab Manager										
	Antimicrobial resistance	GENEPIO:0100514	AMR_testing_by_contact_email	amr_testing_by_contact_email	WhitespaceMinimizedString	NullValueMenu			TRUE						The email of the individual or the individual's role in the organization that performed the antimicrobial resistance testing.	Provide the email associated with the listed contact. As personnel turnover may render an individual's email obsolete, it is more preferable to provide an address for a position or lab, to ensure accuracy of information and institutional memory. If the information is unknown or cannot be provided, leave blank or provide a null value.	johnnyblogs@lab.ca										
	Antimicrobial resistance	GENEPIO:0100515	AMR_testing_date	amr_testing_date	date							{today}			The date the antimicrobial resistance testing was performed.	Provide the date according to the ISO 8601 standard "YYYY-MM-DD", "YYYY-MM" or "YYYY".	2022-04-03										
																											
																											
																											
																											
		GENEPIO:0001516	Contributor acknowledgement																								
	Contributor acknowledgement	GENEPIO:0001517	authors	authors	WhitespaceMinimizedString					TRUE					Names of individuals contributing to the processes of sample collection, sequence generation, analysis, and data submission.	Include the first and last names of all individuals that should be attributed, separated by a comma.	Tejinder Singh, Fei Hu, Joe Blogs										
	Contributor acknowledgement	GENEPIO:0001518	DataHarmonizer provenance	dataharmonizer_provenance	Provenance										The DataHarmonizer software and template version provenance.	The current software and template version information will be automatically generated in this field after the user utilizes the "validate" function. This information will be generated regardless as to whether the row is valid of not.	DataHarmonizer v1.4.3, GRDI v1.0.0										
																											
GRDIIsolate	Key	GENEPIO:0001123	sample_collector_sample_ID	sample_collector_sample_id	GRDISample				TRUE																		
	Key	GENEPIO:0100456	isolate_ID	isolate_id	WhitespaceMinimizedString		TRUE		TRUE																		
	Strain and isolation information	GENEPIO:0100457	alternative_isolate_ID	alternative_isolate_id	WhitespaceMinimizedString					TRUE					An alternative isolate_ID assigned to the isolate by another organization.	"Alternative isolate IDs should be provided in the in a prescribed format which consists of the ID followed by square brackets (no space in between the ID and bracket) containing the short form of ID provider’s agency name i.e. ID[short organization code]. Agency short forms include the following:
Public Health Agency of Canada: PHAC
Canadian Food Inspection Agency: CFIA
Agriculture and Agri-Food Canada: AAFC
Fisheries and Oceans Canada: DFO
Environment and Climate Change Canada: ECCC
Health Canada: HC 
An example of a properly formatted alternative_isolate_identifier would be e.g. XYZ4567[CFIA]
Multiple alternative isolate IDs can be provided, separated by semi-colons."	GHIF3456[PHAC]; QWICK222[CFIA]		isolate_name_alias								
	Strain and isolation information	GENEPIO:0100458	progeny_isolate_ID	progeny_isolate_id	WhitespaceMinimizedString										The identifier assigned to a progenitor isolate derived from an isolate that was directly obtained from a sample.	If your sequence data pertains to progeny of an original isolate, provide the progeny_isolate_ID.	SUB_ON_1526										
	Strain and isolation information	GENEPIO:0100459	IRIDA_isolate_ID	irida_isolate_id	WhitespaceMinimizedString	NullValueMenu			TRUE						The identifier of the isolate in the IRIDA platform.	Provide the "sample ID" used to track information linked to the isolate in IRIDA. IRIDA sample IDs should be unqiue to avoid ID clash. This is very important in large Projects, especially when samples are shared from different organizations. Download the IRIDA sample ID and add it to the sample data in your spreadsheet as part of good data management practices.	GRDI_LL_12345										
	Strain and isolation information	GENEPIO:0100460	IRIDA_project_ID	irida_project_id	WhitespaceMinimizedString	NullValueMenu			TRUE						The identifier of the Project in the iRIDA platform.	Provide the IRIDA "project ID".	666										
	Strain and isolation information	GENEPIO:0100461	isolated_by	isolated_by	IsolatedByMenu										The name of the agency, organization or institution with which the individual who performed the isolation procedure is affiliated.	Provide the name of the agency, organization or institution that isolated the original isolate in full (avoid abbreviations). If the information is unknown or cannot be provided, leave blank or provide a null value.	Public Health Agency of Canada (PHAC) [GENEPIO:0100551]										
	Strain and isolation information	GENEPIO:0100462	isolated_by_laboratory_name	isolated_by_laboratory_name	WhitespaceMinimizedString										The specific laboratory affiliation of the individual who performed the isolation procedure.	Provide the name of the specific laboratory that that isolated the original isolate (avoid abbreviations). If the information is unknown or cannot be provided, leave blank or provide a null value.	Topp Lab										
	Strain and isolation information	GENEPIO:0100463	isolated_by_contact_name	isolated_by_contact_name	WhitespaceMinimizedString										The name or title of the contact responsible for follow-up regarding the isolate.	Provide the name of an individual or their job title. As personnel turnover may render the contact's name obsolete, it is prefereable to provide a job title for ensuring accuracy of information and institutional memory. If the information is unknown or cannot be provided, leave blank or provide a null value.	Enterics Lab Manager										
	Strain and isolation information	GENEPIO:0100464	isolated_by_contact_email	isolated_by_contact_email	WhitespaceMinimizedString										The email address of the contact responsible for follow-up regarding the isolate.	Provide the email associated with the listed contact. As personnel turnover may render an individual's email obsolete, it is more prefereable to provide an address for a position or lab, to ensure accuracy of information and institutional memory. If the information is unknown or cannot be provided, leave blank or provide a null value.	enterics@lab.ca										
	Strain and isolation information	GENEPIO:0100465	isolation_date	isolation_date	date							{today}			The date on which the isolate was isolated from a sample.	Provide the date according to the ISO 8601 standard "YYYY-MM-DD", "YYYY-MM" or "YYYY".	2020-10-30		cult_isol_date								
	Strain and isolation information	GENEPIO:0100466	isolate_received_date	isolate_received_date	WhitespaceMinimizedString							{today}			The date on which the isolate was received by the laboratory.	Provide the date according to the ISO 8601 standard "YYYY-MM-DD", "YYYY-MM" or "YYYY".	2020-11-15										
																											
																											
																											
																											
																											
																											
																											
																											
																											
																											
																											
																											
																											
AMRTest	Key	GENEPIO:0100456	isolate_ID	isolate_id	GRDIIsolate				TRUE						The user-defined name for the sample.	The sample_ID should represent the identifier assigned to the sample at time of collection, for which all the descriptive information applies. If the original sample_ID is unknown or cannot be provided, leave blank or provide a null value.	ABCD123	sample_name	*sample_name	*sample_name							
	Antimicrobial resistance		antimicrobial_drug	antimicrobial_drug	AntimicrobialResistanceTestDrugMenu				TRUE						The drug which the pathogen was exposed to.	Select a drug from the pick list provided.	ampicillin										
	Antimicrobial resistance		resistance_phenotype	resistance_phenotype	AntimicrobialPhenotypeMenu	NullValueMenu				TRUE					The antimicrobial resistance phenotype, as determined by the antibiotic susceptibility measurement and testing standard for this antibiotic	Select a phenotype from the pick list provided.	Susceptible antimicrobial phenotype [ARO:3004302]										
	Antimicrobial resistance		measurement	measurement	WhitespaceMinimizedString	NullValueMenu			TRUE						The measured value of amikacin resistance. 	This field should only contain a number (either an integer or a number with decimals).	4										
	Antimicrobial resistance		measurement_units	measurement_units	AntimicrobialMeasurementUnitsMenu	NullValueMenu			TRUE						The units of the antimicrobial resistance measurement. 	Select the units from the pick list provided. Use the Term Request System to request the addition of other units if necessary. 	ug/mL [UO:0000274]										
	Antimicrobial resistance		measurement_sign	measurement_sign	AntimicrobialMeasurementSignMenu	NullValueMenu			TRUE						The qualifier associated with the antimicrobial resistance measurement	Select the comparator sign from the pick list provided. Use the Term Request System to request the addition of other signs if necessary. 	greater than (>) [GENEPIO:0001006]										
	Antimicrobial resistance		laboratory_typing_method	laboratory_typing_method	AntimicrobialLaboratoryTypingMethodMenu	NullValueMenu									The general method used for antimicrobial susceptibility testing.	Select a typing method from the pick list provided. Use the Term Request System to request the addition of other methods if necessary.	Broth dilution [ARO:3004397]										
	Antimicrobial resistance		laboratory_typing_platform	laboratory_typing_platform	AntimicrobialLaboratoryTypingPlatformMenu	NullValueMenu									The brand/platform used for antimicrobial susceptibility testing.	Select a typing platform from the pick list provided. Use the Term Request System to request the addition of other platforms if necessary.	Sensitire [ARO:3004402]										
	Antimicrobial resistance		laboratory_typing_platform_version	laboratory_typing_platform_version	WhitespaceMinimizedString	NullValueMenu									The specific name and version of the plate, panel, or other platform used for antimicrobial susceptibility testing.	Include any additional information about the antimicrobial susceptibility test such as the drug panel details.	CMV3AGNF										
	Antimicrobial resistance		vendor_name	vendor_name	AntimicrobialVendorName	NullValueMenu									The name of the vendor of the testing platform used.	Provide the full name of the company (avoid abbreviations).	Sensititre										
	Antimicrobial resistance		testing_standard	testing_standard	AntimicrobialTestingStandardMenu	NullValueMenu				TRUE					The testing standard used for determination of resistance phenotype	Select a testing standard from the pick list provided.	Clinical Laboratory and Standards Institute (CLSI) [ARO:3004366]										
	Antimicrobial resistance		testing_standard_version	testing_standard_version	WhitespaceMinimizedString										The version number associated with the testing standard used for determination of antimicrobial resistance phenotype. If applicable, include a version number for the testing standard used.	If applicable, include a version number for the testing standard used.	M100										
	Antimicrobial resistance		testing_standard_details	testing_standard_details	WhitespaceMinimizedString										Additional details associated with the testing standard used for determination of antimicrobial resistance phenotype	This information may include the year or location where the testing standard was published. If not applicable, leave blank.	27th ed. Wayne, PA: Clinical and Laboratory Standards Institute; 2017.										
	Antimicrobial resistance		susceptible_breakpoint	susceptible_breakpoint	WhitespaceMinimizedString										The maximum measurement, in the units specified in the “antibiotic_measurement_units” field, for a sample to be considered “sensitive” to this antimicrobial.	This field should only contain a number (either an integer or a number with decimals), since the “<=” qualifier is implied.	8										
	Antimicrobial resistance		intermediate_breakpoint	intermediate_breakpoint	WhitespaceMinimizedString										The intermediate measurement(s), in the units specified in the “AMR_measurement_units” field, where a sample would be considered to have an “intermediate” phenotype for this antimicrobial.		16										
	Antimicrobial resistance		resistant_breakpoint	resistant_breakpoint	WhitespaceMinimizedString										The minimum measurement, in the units specified in the “antibiotic_measurement_units” field, for a sample to be considered “resistant” to this antimicrobial.	This field should only contain a number (either an integer or a number with decimals), since the “>=” qualifier is implied.	32										
																											