Ontology ID	parent class	label	datatype	source	data status	requirement	min value	max value	capitalize	description	guidance	examples	GISAID	CNPHI
ID	SC %													
		Database Identifiers												
	Database Identifiers	specimen collector sample ID	xs:token		Not Applicable; Missing; Not Collected; Not Provided; Restricted Access	required				The user-defined name for the sample.	Store the collector sample ID. If this number is considered identifiable information, provide an alternative ID. Be sure to store the key that maps between the original and alternative IDs for traceability and follow up if necessary. Every collector sample ID from a single submitter must be unique. It can have any format, but we suggest that you make it concise, unique and consistent within your lab.	prov_rona_99	Sample ID given by the sample provider	Primary Specimen Identification Number
	Database Identifiers	NML submitted specimen primary ID	xs:token							The primary ID of the specimen submitted thorough LaSER.	Store the identifier for the specimen submitted through the NML LaSER system.	SR20-12345		
	Database Identifiers	NML related specimen primary ID	xs:token		Not Applicable; Missing; Not Collected; Not Provided; Restricted Access					The primary ID of the related specimen previously submitted thorough LaSER	Store the primary ID of the related specimen previously submitted thorough LaSER	SR20-12345		Related Specimen ID|Related Specimen Relationship Type
	Database Identifiers	IRIDA sample name	xs:token							The identifier assigned to a sequenced isolate in IRIDA.	Store the IRIDA sample name. The IRIDA sample name will be created by the individual entering data into the IRIDA platform. IRIDA samples may be linked to metadata and sequence data, or just metadata alone. It is recommended that the IRIDA sample name be the same as, or contain, the specimen collector sample ID for better traceability. It is also recommended that the IRIDA sample name mirror the GISAID accession. IRIDA sample names cannot contain slashes. Slashes should be replaced by underscores. See IRIDA documentation for more information regarding special characters (https://irida.corefacility.ca/documentation/user/user/samples/#adding-a-new-sample). 	prov_rona_99		
	Database Identifiers	umbrella bioproject accession	select						UPPER	The INSDC accession number assigned to the umbrella BioProject for the Canadian SARS-CoV-2 sequencing effort.	Store the umbrella BioProject accession by selecting it from the picklist in the template. The umbrella BioProject accession will be identical for all CanCOGen submitters. Different provinces will have their own BioProjects, however these BioProjects will be linked under one umbrella BioProject.	PRJNA623807		
	Database Identifiers	bioproject accession	xs:token						UPPER	The INSDC accession number of the BioProject(s) to which the BioSample belongs.	Store the BioProject accession number. BioProjects are an organizing tool that links together raw sequence data, assemblies, and their associated metadata. Each province will be assigned a different bioproject accession number by the National Microbiology Lab. A valid NCBI BioProject accession has prefix PRJN e.g., PRJNA12345, and is created once at the beginning of a new sequencing project. 	PRJNA608651		BioProject Accession
	Database Identifiers	biosample accession	xs:token						UPPER	The identifier assigned to a BioSample in INSDC archives.	Store the accession returned from the BioSample submission. NCBI BioSamples will have the prefix SAMN.	SAMN14180202		BioSample Accession
	Database Identifiers	SRA accession	xs:token						UPPER	The Sequence Read Archive (SRA) identifier linking raw read data, methodological metadata and quality control metrics submitted to the INSDC.	Store the accession assigned to the submitted "run". NCBI-SRA accessions start with SRR.	SRR11177792		SRA Accession
	Database Identifiers	GenBank accession	xs:token						UPPER	The GenBank identifier assigned to the sequence in the INSDC archives.	Store the accession returned from a GenBank submission (viral genome assembly).	MN908947.3		
	Database Identifiers	GISAID accession	xs:token						UPPER	The GISAID accession number assigned to the sequence.	Store the accession returned from the GISAID submission.	EPI_ISL_436489		
		Sample collection and processing												
	Sample collection and processing	sample collected by	xs:token		Not Applicable; Missing; Not Collected; Not Provided; Restricted Access	required				The name of the agency that collected the original sample.	The name of the sample collector should be written out in full, (with minor exceptions) and be consistent across multple submissions e.g. Public Health Agency of Canada, Public Health Ontario, BC Centre for Disease Control. The sample collector specified is at the discretion of the data provider (i.e. may be hospital, provincial public health lab, or other).	BC Centre for Disease Control	Originating lab	
	Sample collection and processing	sample collector contact email	xs:token							The email address of the contact responsible for follow-up regarding the sample.	The email address can represent a specific individual or lab e.g. johnnyblogs@lab.ca, or RespLab@lab.ca	RespLab@lab.ca		
	Sample collection and processing	sample collector contact address	xs:token							The mailing address of the agency submitting the sample.	The mailing address should be in the format: Street number and name, City, Province/Territory, Postal Code, Country	655 Lab St, Vancouver, British Columbia, V5N 2A2, Canada	Address	
	Sample collection and processing	sequence submitted by	xs:token		Not Applicable; Missing; Not Collected; Not Provided; Restricted Access	required				The name of the agency that generated the sequence.	The name of the agency should be written out in full, (with minor exceptions) and be consistent across multple submissions e.g. Public Health Agency of Canada, Public Health Ontario, BC Centre for Disease Control.	Public Health Ontario	Submitting lab	
	Sample collection and processing	sequence submitter contact email	xs:token							The email address of the contact responsible for follow-up regarding the sequence.	The email address can represent a specific individual or lab e.g. johnnyblogs@lab.ca, or RespLab@lab.ca	RespLab@lab.ca		
	Sample collection and processing	sequence submitter contact address	xs:token							The mailing address of the agency submitting the sequence.	The mailing address should be in the format: Street number and name, City, Province/Territory, Postal Code, Country	123 Sunnybrooke St, Toronto, Ontario, M4P 1L6, Canada	Address	
	Sample collection and processing	sample collection date	xs:date		Not Applicable; Missing; Not Collected; Not Provided; Restricted Access	required				The date on which the sample was collected.	Sample collection date is critical for surveillance and many types of analyses. Required granularity includes year, month and day. If this date is considered identifiable information, it is acceptable to add "jitter" by adding or subtracting a calendar day (acceptable by GISAID). Alternatively, ”received date” may be used as a substitute. The date should be provided in ISO 8601 standard format "YYYY-MM-DD".	2020-03-16	Collection date	Patient Sample Collected Date
	Sample collection and processing	sample received date	xs:date		Not Applicable; Missing; Not Collected; Not Provided; Restricted Access					The date on which the sample was received.	ISO 8601 standard "YYYY-MM-DD".	2020-03-20		
	Sample collection and processing	geo_loc_name (country)	select		Not Applicable; Missing; Not Collected; Not Provided; Restricted Access	required				The country where the sample was collected.	Provide the country name from the controlled vocabulary provided.	Canada	Location	Patient Country
	Sample collection and processing	geo_loc_name (province/territory)	select		Not Applicable; Missing; Not Collected; Not Provided; Restricted Access	required				The province/territory where the sample was collected.	Provide the province/territory name from the controlled vocabulary provided.	Saskatchewan		Patient Province
	Sample collection and processing	geo_loc_name (city)	xs:token							The city where the sample was collected.	Provide the city name. Use this look-up service to identify the standardized term: https://www.ebi.ac.uk/ols/ontologies/gaz	Medicine Hat		
	Sample collection and processing	organism	select		Not Applicable; Missing; Not Collected; Not Provided; Restricted Access	required				Taxonomic name of the organism.	Use "Severe acute respiratory syndrome coronavirus 2". This value is provided in the template.	Severe acute respiratory coronavirus 2		
	Sample collection and processing	isolate	xs:token		Not Applicable; Missing; Not Collected; Not Provided; Restricted Access	required				Identifier of the specific isolate.	Provide the GISAID virus name, which should be written in the format “hCov-19/CANADA/xxxxx/2020”.	hCov-19/CANADA/prov_rona_99/2020	Virus name	GISAID Virus Name
	Sample collection and processing	purpose of sampling	select		Not Applicable; Missing; Not Collected; Not Provided; Restricted Access	recommended				The reason that the sample was collected.	Provide the purpose of sampling from the picklist in the template.	Diagnostic testing		Reason for Sampling
	Sample collection and processing	NML submitted specimen type	select							The type of specimen submitted to the NML for testing.	Select the specimen type from the pick list provided.	swab		Specimen Type
	Sample collection and processing	NML related specimen relationship type	select							The relationship of the related specimen to the previous submission.	Provide the specimen type of the original sample submitted from the pick list provided, so that additional specimen testing can be tracked in the system.	swab		Related Specimen ID|Related Specimen Relationship Type
	Sample collection and processing	anatomical material	select		Not Applicable; Missing; Not Collected; Not Provided; Restricted Access	required				A substance obtained from an anatomical part of an organism e.g. tissue, blood.	Provide a descriptor if an anatomical material was sampled. Use the picklist provided in the template. If a desired term is missing from the picklist, contact emma.griffiths@bccdc.ca. If not applicable, do not leave blank. Choose a null value. 	Blood	Specimen source	Anatomical Material
	Sample collection and processing	anatomical part	select		Not Applicable; Missing; Not Collected; Not Provided; Restricted Access	required				An anatomical part of an organism e.g. oropharynx.	Provide a descriptor if an anatomical part was sampled. Use the picklist provided in the template. If a desired term is missing from the picklist, contact emma.griffiths@bccdc.ca. If not applicable, do not leave blank. Choose a null value. 	Nasopharynx (NP)	Specimen source	Anatomical Site
	Sample collection and processing	body product	select		Not Applicable; Missing; Not Collected; Not Provided; Restricted Access	required				A substance excreted/secreted from an organism e.g. feces, urine, sweat.	Provide a descriptor if a body product was sampled. Use the picklist provided in the template.  If a desired term is missing from the picklist, contact emma.griffiths@bccdc.ca. If not applicable, do not leave blank. Choose a null value. 	Feces	Specimen source	Body Product
	Sample collection and processing	environmental material	select		Not Applicable; Missing; Not Collected; Not Provided; Restricted Access	required				A substance obtained from the natural or man-made environment e.g. soil, water, sewage.	Provide a descriptor if an environmental material was sampled. Use the picklist provided in the template.  If a desired term is missing from the picklist, contact emma.griffiths@bccdc.ca. If not applicable, do not leave blank. Choose a null value. 	Face mask	Specimen source	Environmental Material
	Sample collection and processing	environmental site	select		Not Applicable; Missing; Not Collected; Not Provided; Restricted Access	required				An environmental location may describe a site in the natural or built environment e.g. contact surface, metal can, hospital, wet market, bat cave.	Provide a descriptor if an environmental site was sampled. Use the picklist provided in the template.  If a desired term is missing from the picklist, contact emma.griffiths@bccdc.ca. If not applicable, do not leave blank. Choose a null value. 	Building floor	Specimen source	Environmental Site
	Sample collection and processing	collection device	select		Not Applicable; Missing; Not Collected; Not Provided; Restricted Access	required				The instrument or container used to collect the sample e.g. swab.	Provide a descriptor if a device was used for sampling. Use the picklist provided in the template. If a desired term is missing from the picklist, contact emma.griffiths@bccdc.ca. If not applicable, do not leave blank. Choose a null value. 	Swab	Specimen source	Specimen Collection Matrix
	Sample collection and processing	collection method	select		Not Applicable; Missing; Not Collected; Not Provided; Restricted Access	required				The process used to collect the sample e.g. phlebotamy, necropsy.	Provide a descriptor if a collection method was used for sampling. Use the picklist provided in the template.  If a desired term is missing from the picklist, contact emma.griffiths@bccdc.ca. If not applicable, do not leave blank. Choose a null value. 	Bronchoalveolar lavage (BAL)	Specimen source	Collection Method
	Sample collection and processing	collection protocol	xs:token							The name and version of a particular protocol used for sampling.	Free text.	BCRonaSamplingProtocol v. 1.2		
	Sample collection and processing	specimen processing	multiple		Not Applicable; Missing; Not Collected; Not Provided; Restricted Access	recommended				Any processing applied to the sample during or after receiving the sample.	Critical for interpreting data. Select all the applicable processes from the pick list. If virus was passaged, include information in "lab host", "passage number", and "passage method" fields. If none of the processes in the pick list apply, put "not applicable".	Virus passage	Passage details/history	
	Sample collection and processing	lab host	select		Not Applicable; Missing; Not Collected; Not Provided; Restricted Access	recommended				Name and description of the laboratory host used to propagate the source organism or material from which the sample was obtained.	Type of cell line used for propagation. Provide the name of the cell line using the picklist in the template. If not passaged, put "not applicable".	Vero E6 cell line	Passage details/history	
	Sample collection and processing	passage number	xs:nonNegativeInteger		Not Applicable 	recommended				Number of passages.	Provide number of known passages. If not passaged, put "not applicable"	3	Passage details/history	
	Sample collection and processing	passage method	xs:token		Not Applicable	recommended				Description of how organism was passaged.	Free text. Provide a very short description (<10 words). If not passaged, put "not applicable".		Passage details/history	
	Sample collection and processing	biomaterial extracted	select		Not Applicable; Missing; Not Collected; Not Provided; Restricted Access					The biomaterial extracted from samples for the purpose of sequencing.	Provide the biomaterial extracted from the picklist in the template.	RNA (total)		
		Host Information												
	Host Information	host (common name)	select		Not Applicable; Missing; Not Collected; Not Provided; Restricted Access					The commonly used name of the host.	Common name or scientific name are required if there was a host. Both can be provided, if known. Use terms from the pick lists in the template. Common name e.g. human, bat. If the sample was environmental, put "not applicable.	Human		Animal Type
	Host Information	host (scientific name)	select		Not Applicable; Missing; Not Collected; Not Provided; Restricted Access	required				The taxonomic, or scientific name of the host.	Common name or scientific name are required if there was a host. Both can be provided, if known. Use terms from the pick lists in the template. Scientific name e.g. Homo sapiens, If the sample was environmental, put "not applicable	Homo sapiens	Host	
	Host Information	host health state	select		Not Applicable; Missing; Not Collected; Not Provided; Restricted Access					Health status of the host at the time of sample collection.	If known, select a descriptor from the pick list provided in the template.	Symptomatic	Patient status	Host Health State
	Host Information	host health status details	select		Not Applicable; Missing; Not Collected; Not Provided; Restricted Access					Further details pertaining to the health or disease status of the host at time of collection.	If known, select a descriptor from the pick list provided in the template.	Hospitalized (ICU)		Host Health State Details
	Host Information	host health outcome	select		Not Applicable; Missing; Not Collected; Not Provided; Restricted Access					Disease outcome in the host.	If known, select a descriptor from the pick list provided in the template.	Recovered		
	Host Information	host disease	select		Not Applicable; Missing; Not Collected; Not Provided; Restricted Access	required				The name of the disease experienced by the host.	Select "COVID-19" from the pick list provided in the template.	COVID-19		Host Disease
	Host Information	host age	xs:decimal		Not Applicable; Missing; Not Collected; Not Provided; Restricted Access	required	0	130		Age of host at the time of sampling.	Enter the age of the host in years. If not available, put "missing".	79	Patient age	Patient Age
	Host Information	host age bin	select		Not Applicable; Missing; Not Collected; Not Provided; Restricted Access	required				Age of host at the time of sampling, expressed as an age group.	Select the corresponding host age bin from the pick list provided in the template. If not available, provide a null value.	60 - 69		Host Age Category
	Host Information	host gender	select		Not Applicable; Missing; Not Collected; Not Provided; Restricted Access	required				The gender of the host at the time of sample collection.	Select the corresponding host gender from the pick list provided in the template. If not available, put "missing".	male	Gender	Patient Sex
	Host Information	host origin geo_loc name (country)	select	geo_loc_name (country)	Not Applicable; Missing; Not Collected; Not Provided; Restricted Access					The country of residence of the host.	Select the country name from pick list provided in the template.	United Kingdom		
	Host Information	host subject ID	xs:token							A unique identifier by which each host can be referred to e.g. #131	Provide the host identifier. Should be a unique, user-defined identifier.	BCxy123		
	Host Information	symptom onset date	xs:date		Not Applicable; Missing; Not Collected; Not Provided; Restricted Access					The date on which the symptoms began or were first noted.	ISO 8601 standard "YYYY-MM-DD".	2020-03-16		Symptoms Onset Date
	Host Information	signs and symptoms	multiple		Not Applicable; Missing; Not Collected; Not Provided; Restricted Access					A perceived change in function or sensation, (loss, disturbance or appearance) indicative of a disease, reported by a patient.	Select all of the symptoms experienced by the host from the pick list.	Cough; Fever; Chills		Symptoms
	Host Information	pre-existing conditions and risk factors	multiple		Not Applicable; Missing; Not Collected; Not Provided; Restricted Access					"Patient pre-existing conditions and risk factors.
Pre-existing condition: A medical condition that existed prior to the current infection.
Risk Factor: A variable associated with an increased risk of disease or infection."	Select all of the pre-existing conditions and risk factors experienced by the host from the pick list. If the desired term is missing, contact the curation team.	Asthma; Pregnancy; Smoker		
	Host Information	complications	multiple		Not Applicable; Missing; Not Collected; Not Provided; Restricted Access					Patient medical complications that are believed to have occurred as result of host disease.	Select all of the complications experienced by the host from the pick list. If the desired term is missing, contact the curation team.	Acute Respiratory Failure; Coma; Septicemia		
		Host exposure information												
	Host exposure information	location of exposure geo_loc name (country)	select	geo_loc_name (country)	Not Applicable; Missing; Not Collected; Not Provided; Restricted Access					The country where the host was likely exposed to the causative agent of the illness.	Select the country name from pick list provided in the template.	Canada		
	Host exposure information	destination of most recent travel (city)	xs:token		Not Applicable; Missing; Not Collected; Not Provided; Restricted Access					The name of the city that was the destination of most recent travel.	Provide the name of the city that the host travelled to. Use this look-up service to identify the standardized term: https://www.ebi.ac.uk/ols/ontologies/gaz	New York City		Country of Travel|Province of Travel|City of Travel|Travel start date|Travel End Date
	Host exposure information	destination of most recent travel (state/province/territory)	xs:token		Not Applicable; Missing; Not Collected; Not Provided; Restricted Access					The name of the province that was the destination of most recent travel.	Provide the name of the state/province/territory that the host travelled to. Use this look-up service to identify the standardized term: https://www.ebi.ac.uk/ols/ontologies/gaz	California		Country of Travel|Province of Travel|City of Travel|Travel start date|Travel End Date
	Host exposure information	destination of most recent travel (country)	select	geo_loc_name (country)	Not Applicable; Missing; Not Collected; Not Provided; Restricted Access					The name of the country that was the destination of most recent travel.	Provide the name of the country that the host travelled to. Use this look-up service to identify the standardized term: https://www.ebi.ac.uk/ols/ontologies/gaz	United Kingdom		Country of Travel|Province of Travel|City of Travel|Travel start date|Travel End Date
	Host exposure information	most recent travel departure date	xs:date		Not Applicable; Missing; Not Collected; Not Provided; Restricted Access					The date of a person's most recent departure from their primary residence (at that time) on a journey to one or more other locations.	Provide the travel departure date.	2020-03-16		Country of Travel|Province of Travel|City of Travel|Travel start date|Travel End Date
	Host exposure information	most recent travel return date	xs:date		Not Applicable; Missing; Not Collected; Not Provided; Restricted Access					The date of a person's most recent return to some residence from a journey originating at that residence.	Provide the travel return date.	2020-04-26		Country of Travel|Province of Travel|City of Travel|Travel start date|Travel End Date
	Host exposure information	travel history	xs:token							Travel outside the country in last six months.	Specify the countries (and more granular locations if known, separated by a comma) travelled in the last six months; can include multiple travels. Separate multiple travel events with a semi-colon. List most recent travel first.	Canada, Vancouver; USA, Seattle; Italy, Milan		
	Host exposure information	exposure event	select		Not Applicable; Missing; Not Collected; Not Provided; Restricted Access					Event leading to exposure.	Select an exposure event from the pick list provided in the template. If the desired term is missing, contact the curation team.	Mass gathering (convention)	Additional location information	Exposure Event
	Host exposure information	direct/indirect exposure	select							The exposure transmission contact type.	Select direct or indirect exposure from the pick-list.	Direct		
	Host exposure information	host role	multiple							The role of the host in relation to the exposure setting.	Select the host's personal role(s) from the pick list provided in the template. If the desired term is missing, contact the curation team.	Patient		
	Host exposure information	exposure setting	multiple							The setting leading to exposure.	Select the host exposure setting(s) from the pick list provided in the template. If a desired term is missing, contact the curation team.	Healthcare Setting		
	Host exposure information	exposure details	xs:token							Additional host exposure information.	Free text description of the exposure.	Host role - Other: Bus Driver		
		Sequencing												
	Sequencing	library ID	xs:token			recommended				The user-specified identifier for the library prepared for sequencing.	The library name should be unique, and can be an autogenerated ID from your LIMS, or modification of the isolate ID.	XYZ_123345		
	Sequencing	library insert size	xs:token							The insert size of the library being sequenced (i.e. the length of the DNA inserted between the adaptors).	Provide the insert size in base pairs.	300		
	Sequencing	library preparation method	xs:token							The name of the DNA library preparation kit used to generate the library being sequenced.	Provide the name of the library preparation kit used.	Nextera XT		
	Sequencing	MinIon barcode	xs:token							The barcode of the MinIon unit used for sequencing.	Provide the barcode of the MinIon used for sequencing the sample.	FAB06069		
	Sequencing	sequencing instrument	multiple		Not Applicable; Missing; Not Collected; Not Provided; Restricted Access	required				The model of the sequencing instrument used.	Select a sequencing instrument from the picklist provided in the template.	MinIon	Sequencing technology	
	Sequencing	sequencing protocol name	xs:token			recommended				The name and version number of the sequencing protocol used.	Provide the name and version of the sequencing protocol e.g. 1D_DNA_MinION	1D_DNA_MinION, ARTIC Network Protocol v. 3		Sequencing protocol name
	Sequencing	sequencing protocol source	xs:token							The name of the organization/authors of the protocol.	Provide the name of the source of the protocol e.g. ARTIC Network.	ARTIC Network		
	Sequencing	sequencing kit number	xs:token							The manufacturer's kit number.	Alphanumeric value.	AB456XYZ789		
	Sequencing	amplicon pcr primers filename	xs:token							The filename of the file containing amplicon PCR primer names and sequences.	Important for documenting methods and should be considered for submission, particularly if primers were designed in-house and not by a public consortium/network.	Rona_primers_2020.txt		
	Sequencing	sample sequenced date	xs:date		Not Applicable; Missing; Not Collected; Not Provided; Restricted Access					The date the sample was sequenced.	ISO 8601 standard "YYYY-MM-DD".	2020-06-22		
		Bioinformatics and QC metrics												
	Bioinformatics and QC metrics	raw sequence data processing	xs:token			recommended				The names of the software and version number used for raw data processing such as removing barcodes, adapter trimming, filtering etc.	Provide the software name followed by the version e.g. Trimmomatic v. 0.38, Porechop v. 0.2.3	Porechop v. 0.2.3		
	Bioinformatics and QC metrics	sequencing depth (average)	xs:token							The total number of sequenced base pairs divided by the expected number of base pairs in the genome.	Provide the value as a fold of coverage.	80x		
	Bioinformatics and QC metrics	assembly name	xs:token							Name/version of the assembly provided by the submitter.	Provide the assembly name.	rona123assembly.fasta		
	Bioinformatics and QC metrics	assembly method	xs:token							The name and version number of the assembly method used.	Provide the software name followed by the version e.g. Canu 2.0	Canu 2.0		
	Bioinformatics and QC metrics	assembly coverage breadth	xs:token							The percentage of the assembled genome that was sequenced to a prescribed depth of coverage.	Provide value as a percent e.g. 95%.	95%		
	Bioinformatics and QC metrics	assembly coverage depth	xs:token							The average number of reads representing a given nucleotide in the assembled sequence.	Provide value as a fold of coverage e.g. 80x.	400x	Coverage	
	Bioinformatics and QC metrics	r1 fastq filename        	xs:token			recommended				The user-specified filename of the r1 FASTQ file.	Provide the r1 FASTQ filename.	ABC123_S1_L001_R1_001.fastq.gz		
	Bioinformatics and QC metrics	r2 fastq filename	xs:token			recommended				The user-specified filename of the r2 FASTQ file.	Provide the r2 FASTQ filename.	ABC123_S1_L001_R2_001.fastq.gz		
	Bioinformatics and QC metrics	r1 fastq filepath	xs:token							The location of the r1 FASTQ file within a user's file system.	Provide the filepath for the r1 FASTQ file. This information aids in data management. 	/User/Documents/RespLab/Data		
	Bioinformatics and QC metrics	r2 fastq filepath	xs:token							The location of the r2 FASTQ file within a user's file system.	Provide the filepath for the r2 FASTQ file. This information aids in data management. 	/User/Documents/RespLab/Data		
	Bioinformatics and QC metrics	fast5 filename	xs:token							The user-specified filename of the FAST5 file.	Provide the FAST5 filename.	rona123assembly.fast5		
	Bioinformatics and QC metrics	fast5 filepath	xs:token							The location of the FAST5 file within a user's file system.	Provide the filepath for the FAST5 file. This information aids in data management. 	/User/Documents/RespLab/Data		
	Bioinformatics and QC metrics	fasta filename	xs:token							The user-specified filename of the FASTA file.	Provide the FASTA filename.	batch1a_sequences.fasta	FASTA filename	
	Bioinformatics and QC metrics	fasta filepath	xs:token							The location of the FASTA file within a user's file system.	Provide the filepath for the FASTA file. This information aids in data management. 	/User/Documents/RespLab/Data		
	Bioinformatics and QC metrics	number base pairs	xs:nonNegativeInteger							The number of total base pairs generated by the sequencing process.	Provide a numerical value (no need to include units).	387566		
	Bioinformatics and QC metrics	consensus genome length	xs:nonNegativeInteger							Size of the reconstructed genome described as the number of base pairs.	Provide a numerical value (no need to include units).	38677		
	Bioinformatics and QC metrics	mean contig length	xs:nonNegativeInteger							The mean contig length is the count of base pairs in the average size contig of the sequence assembly.	Provide a numerical value (no need to include units).	12689		
	Bioinformatics and QC metrics	N50	xs:nonNegativeInteger							The minimum contig length needed to cover 50% of the genome.	Provide a numerical value (no need to include units).	10500		
	Bioinformatics and QC metrics	Ns per 100 kbp	xs:decimal				0			The number of N symbols present in the consensus fasta sequence, per 100kbp of sequence.	Provide a numerical value (no need to include units).	330		
	Bioinformatics and QC metrics	reference genome accession	xs:token							A persistent, unique identifier of a genome database entry.	Provide the accession number of the reference genome.	NC_045512.2		
	Bioinformatics and QC metrics	consensus sequence ID	xs:token							The identifer used to specify the consensus sequence.	Provide the consensus sequence identifier.	ProvConsensusSeq	Sample ID given by the submitting laboratory	
	Bioinformatics and QC metrics	consensus sequence method	xs:token		Not Applicable; Missing; Not Collected; Not Provided; Restricted Access	required				The name and version number of the software used to produce the consensus sequence.	Provide the software name followed by the version e.g. iVar 1.2	iVar 1.2	Assembly method	
	Bioinformatics and QC metrics	consensus sequence filename	xs:token							The user-specified filename for the consensus sequence.	Provide the filename for the consensus sequence. 	ProvConsensusSeq.fasta		
	Bioinformatics and QC metrics	consensus sequence filepath	xs:token							The location of the consensus sequence in the user's file system.	Provide the filepath for the consensus sequence file. This information facilitates data management.	/User/Documents/RespLab/Data		
	Bioinformatics and QC metrics	annotation feature table filename	xs:token							The filename of the file containing genome features such as gene names and corresponding CDS.	Provide the filename of the annotation feature table.	BCRonaAnnotationFeatures		
	Bioinformatics and QC metrics	bioinformatics protocol	xs:token							The name and version number of the bioinformatics protocol used.	Further details regarding the methods used to process raw data, and/or generate assemblies, and/or generate consensus sequences can be provided in an SOP or protocol. Provide the name and version number of the protocol.	https://www.protocols.io/groups/cphln-sarscov2-sequencing-consortium/members		
		Pathogen diagnostic testing												
	Pathogen diagnostic testing	gene name 1	select							The name of the gene used in the diagnostic RT-PCR test.	Provide the full name of the gene used in the test. The gene symbol (short form of gene name) can also be provided. Standardized gene names and symbols can be found in the Gene Ontology using this look-up service: https://bit.ly/2Sq1LbI	E (orf4)		Gene Target #1
	Pathogen diagnostic testing	diagnostic pcr protocol 1	xs:token							The name and version number of the protocol used for diagnostic marker amplification.	The name and version number of the protocol used for carrying out a diagnostic PCR test. This information can be compared to sequence data for evaluation of performance and quality control.	EGenePCRTest 2		
	Pathogen diagnostic testing	diagnostic pcr Ct value 1	xs:token							The Ct value result from a diagnostic SARS-CoV-2 RT-PCR test.	Provide the CT value of the sample from the diagnostic RT-PCR test.	21		Gene Target #1 CT Value
	Pathogen diagnostic testing	gene name 2	select	gene name 1						The name of the gene used in the diagnostic RT-PCR test.	Provide the full name of another gene used in an RT-PCR test. The gene symbol (short form of gene name) can also be provided. Standardized gene names and symbols can be found in the Gene Ontology using this look-up service: https://bit.ly/2Sq1LbI	nsp12 (RdRp)		Gene Target #2
	Pathogen diagnostic testing	diagnostic pcr protocol 2	xs:token							The name and version number of the protocol used for diagnostic marker amplification.	The name and version number of the protocol used for carrying out a second diagnostic PCR test. This information can be compared to sequence data for evaluation of performance and quality control.	RdRpGenePCRTest 3		
	Pathogen diagnostic testing	diagnostic pcr Ct value 2	xs:token							The Ct value result from a diagnostic SARS-CoV-2 RT-PCR test.	Provide the CT value of the sample from the second diagnostic RT-PCR test.	36		Gene Target #2 CT Value
		Contributor acknowledgement												
	Contributor acknowledgement	authors	xs:token			recommended				Names of individuals contributing to the processes of sample collection, sequence generation, analysis, and data submission.	Include the first and last names of all individuals that should be attributed, separated by a comma.	Tejinder Singh, Fei Hu, Joe Blogs	Authors	
														
														
														
	umbrella bioproject accession	PRJNA623807												
														
GAZ_00002566	geo_loc_name (province/territory)	Alberta												
GAZ_00002562	geo_loc_name (province/territory)	British Columbia												
GAZ_00002571	geo_loc_name (province/territory)	Manitoba												
GAZ_00002570	geo_loc_name (province/territory)	New Brunswick												
GAZ_00002567	geo_loc_name (province/territory)	Newfoundland												
GAZ_00002575	geo_loc_name (province/territory)	Northwest Territories												
GAZ_00002565	geo_loc_name (province/territory)	Nova Scotia												
GAZ:00002574	geo_loc_name (province/territory)	Nunavut												
GAZ_00002563	geo_loc_name (province/territory)	Ontario												
GAZ_00002572	geo_loc_name (province/territory)	Prince Edward Island												
GAZ_00002569	geo_loc_name (province/territory)	Quebec												
GAZ_00002564	geo_loc_name (province/territory)	Saskatchewan												
GAZ_00002576	geo_loc_name (province/territory)	Yukon Territory												
														
														
														
	biomaterial extracted	RNA (total)												
	biomaterial extracted	RNA (poly-A)												
	biomaterial extracted	RNA (ribo-depleted)												
	biomaterial extracted	mRNA (cDNA)												
														
														
														
	signs and symptoms	Abnormal lung ausculation												
HP:0000223	signs and symptoms	Abnormality of taste sensation												
	Abnormality of taste sensation	   Ageusia (complete loss of taste)												
HP:0031249	Abnormality of taste sensation	   Parageusia (distorted sense of taste)												
HP_0000224 	Abnormality of taste sensation	   Hypogeusia (reduced sense of taste)												
HP:0004408	signs and symptoms	Abnormality of the sense of smell												
HP_0000458	Abnormality of the sense of smell	   Anosmia (lost sense of smell)												
HP_0004409	Abnormality of the sense of smell	   Hyposmia (reduced sense of smell)												
	signs and symptoms	Acute Respiratory Distress Syndrome												
HP:0011446	signs and symptoms	Altered mental status												
HP:0011675	signs and symptoms	Arrhythmia												
HP:0100543	Altered mental status	   Cognitive impairment												
HP_0001259	Altered mental status	   Coma												
HP_0001289	Altered mental status	   Confusion												
HP_0031258	Confusion	      Delirium (sudden severe confusion)												
	Altered mental status	   Inability to arouse (inability to stay awake)												
HP_0000737 	Altered mental status	   Irritability												
HP_0002371	Altered mental status	   Loss of speech												
HP_0025406	signs and symptoms	Asthenia (general weakness)												
HP:0031352	signs and symptoms	Chest tightness or pressure												
HP:0025145	Chest tightness or pressure	   Rigors (fever shakes)												
HP_0025143 	signs and symptoms	Chills (sudden cold sensation)												
	signs and symptoms	Conjunctival injection												
HP_0000509	signs and symptoms	Conjunctivitis (pink eye)												
	signs and symptoms	Coryza												
HP_0012735	signs and symptoms	Cough 												
HP:0031246	Cough	   Nonproductive cough (dry cough)												
HP:0031245	Cough	   Productive cough (wet cough)												
HP:0000961	signs and symptoms	Cyanosis												
HP:0001063	Cyanosis	   Acrocyanosis												
	Acrocyanosis	      Circumoral cyanosis (bluish around mouth)												
	Acrocyanosis	      Cyanotic face (bluish face)												
	Cyanosis	   Central Cyanosis												
	Central Cyanosis	      Cyanotic lips (bluish lips)												
	Cyanosis	   Peripheral Cyanosis												
HP_0002094	signs and symptoms	Dyspnea (breathing difficulty) 												
														
HP_0002014	signs and symptoms	Diarrhea (watery stool)												
	signs and symptoms	Dry gangrene												
HP_0002383	signs and symptoms	Encephalitis (brain inflammation)												
	signs and symptoms	Encephalopathy												
HP_0012378	signs and symptoms	Fatigue (tiredness)												
HP_0001945 	signs and symptoms	Fever												
	Fever	   Fever (≥38°C)												
HP:0000206	signs and symptoms	Glossitis (inflammation of the tongue)												
	signs and symptoms	Ground Glass Opacities (GGO)												
HP_0002315	signs and symptoms	Headache												
HP_0002105	signs and symptoms	Hemoptysis (coughing up blood)												
HP:0012417	signs and symptoms	Hypocapnia												
HP_0002615	signs and symptoms	Hypotension (low blood pressure)												
HP_0012418	signs and symptoms	Hypoxemia (low blood oxygen)												
	signs and symptoms	   Silent hypoxemia												
HP:0011029	signs and symptoms	Internal hemorrhage (internal bleeding)												
NCIT:C121416	signs and symptoms	Loss of Fine Movements												
HP_0004396 	signs and symptoms	Low appetite												
	signs and symptoms	Malaise (general discomfort/unease)												
	signs and symptoms	Meningismus/nuchal rigidity												
HP_0001324	signs and symptoms	Muscle weakness												
HP_0001742	signs and symptoms	Nasal obstruction (stuffy nose)												
HP_0002018	signs and symptoms	Nausea												
	signs and symptoms	nose bleed												
	signs and symptoms	otitis												
	signs and symptoms	Pain												
HP:0002027	Pain	   Abdominal pain												
HP_0002829	Pain	   Arthralgia (painful joints)												
HP_0100749	Pain	   Chest pain												
	Chest pain	      Pleuritic chest pain												
HP_0003326	Pain	   Myalgia (muscle pain) 												
HP_0025439	signs and symptoms	Pharyngitis (sore throat) 												
	signs and symptoms	Pharyngeal exudate												
	signs and symptoms	Pleural effusion												
HP:0002090	signs and symptoms	Pneumonia												
	signs and symptoms	Prostration												
	signs and symptoms	Pseudo-chilblains												
	Pseudo-chilblains	   Pseudo-chilblains on fingers (covid fingers)												
	Pseudo-chilblains	   Pseudo-chilblains on toes (covid toes)												
HP_0000988	signs and symptoms	Rash												
HP_0031417	signs and symptoms	Rhinorrhea (runny nose)												
HP_0001250	signs and symptoms	Seizure												
HP:0020219	Seizure	   Motor seizure												
HP:0025144	signs and symptoms	Shivering (involuntary muscle twitching)												
HP_0001350	signs and symptoms	Slurred speech												
	signs and symptoms	Sneezing												
	signs and symptoms	Sputum Production												
HP:0001297	signs and symptoms	Stroke												
	signs and symptoms	Swollen Lymph Nodes												
HP_0002789	signs and symptoms	Tachypnea (accelerated respiratory rate)												
	signs and symptoms	Vertigo (dizziness)												
HP_0002013	signs and symptoms	Vomiting (throwing up)												
														
	NML submitted specimen type	Swab 												
	NML submitted specimen type	RNA												
	NML submitted specimen type	mRNA (cDNA)												
	NML submitted specimen type	Nucleic acid												
														
														
	NML related specimen relationship type	Acute												
	NML related specimen relationship type	Convalescent												
	NML related specimen relationship type	Familial												
	NML related specimen relationship type	Follow-up												
	NML related specimen relationship type	Previously Submitted												
														
														
	pre-existing conditions and risk factors	Age 60+												
	pre-existing conditions and risk factors	Anemia												
	pre-existing conditions and risk factors	Anorexia												
	pre-existing conditions and risk factors	Birthing labor												
	pre-existing conditions and risk factors	Bone marrow failure												
	pre-existing conditions and risk factors	Cancer												
	Cancer	   Breast cancer												
	Cancer	   Colorectal cancer												
	Cancer	   Hematologic malignancy												
	Cancer	   Lung cancer												
	Cancer	   Metastatic disease												
	pre-existing conditions and risk factors	Cancer treatment												
	Cancer treatment	   Cancer surgery												
	Cancer treatment	   Chemotherapy												
	Chemotherapy	      Adjuvant chemotherapy												
	pre-existing conditions and risk factors	Cardiac disorder												
HP:0011675	Cardiac disorder	Arrhythmia												
	Cardiac disorder	   Cardiac disease												
HP:0001638	Cardiac disorder	   Cardiomyopathy												
	Cardiac disorder	   Cardiac injury												
	Cardiac disorder	   Hypertension (high blood pressure)												
HP:0002615	Cardiac disorder	   Hypotension (low blood pressure)												
	pre-existing conditions and risk factors	Cesarean section												
	pre-existing conditions and risk factors	Chronic cough												
	pre-existing conditions and risk factors	Chronic gastrointestinal disease												
	pre-existing conditions and risk factors	Chronic lung disease												
	pre-existing conditions and risk factors	Corticosteroids												
	pre-existing conditions and risk factors	Diabetes mellitus (diabetes)												
	Diabetes mellitus (diabetes)	   Type I diabetes mellitus (T1D)												
	Diabetes mellitus (diabetes)	   Type II diabetes mellitus (T2D)												
	pre-existing conditions and risk factors	Eczema												
	pre-existing conditions and risk factors	Electrolyte disturbance												
	Electrolyte disturbance	   Hypocalcemia												
	Electrolyte disturbance	   Hypokalemia												
	Electrolyte disturbance	   Hypomagnesemia												
HP:0002383	pre-existing conditions and risk factors	Encephalitis (brain inflammation)												
	pre-existing conditions and risk factors	Epilepsy												
	pre-existing conditions and risk factors	Hemodialysis												
	pre-existing conditions and risk factors	Hemoglobinopathy												
	pre-existing conditions and risk factors	Human immunodeficiency virus (HIV)												
	Human immunodeficiency virus (HIV)	   Acquired immunodeficiency syndrome (AIDS)												
	Human immunodeficiency virus (HIV)	   HIV and antiretroviral therapy (ART)												
	pre-existing conditions and risk factors	Immunocompromised												
	Immunocompromised	   Lupus												
	pre-existing conditions and risk factors	Inflammatory bowel disease (IBD)												
	Inflammatory bowel disease (IBD)	   Colitis												
	Colitis	      Ulcerative colitis												
	Inflammatory bowel disease (IBD)	   Crohn's disease												
	pre-existing conditions and risk factors	Renal disorder												
	Renal disorder	   Renal disease												
	Renal disorder	      Chronic renal disease												
	Renal disorder	   Renal failure												
	pre-existing conditions and risk factors	Liver disease												
	Liver disease	   Chronic liver disease												
	Chronic liver disease	      Fatty liver disease (FLD)												
HP:0003326	pre-existing conditions and risk factors	Myalgia (muscle pain) 												
	pre-existing conditions and risk factors	Myalgic encephalomyelitis (ME)												
	pre-existing conditions and risk factors	Neurological disorder												
	Neurological disorder	   Neuromuscular disorder												
	pre-existing conditions and risk factors	Obesity												
	Obesity	   Severe obesity												
	pre-existing conditions and risk factors	Respiratory disorder												
	Respiratory disorder	   Asthma												
	Respiratory disorder	   Chronic bronchitis												
	Respiratory disorder	   Chronic pulmonary disease												
	Chronic pulmonary disease	      Chronic obstructive pulmonary disease												
	Respiratory disorder	   Emphysema												
	Respiratory disorder	   Lung disease												
	Lung disease	      Chronic lung disease												
	Lung disease	      Pulmonary fibrosis												
HP:0002090	Respiratory disorder	Pneumonia												
	Respiratory disorder	   Respiratory failure												
	Respiratory failure	      Adult respiratory distress syndrome												
	Respiratory failure	      Newborn respiratory distress syndrome												
	Respiratory disorder	   Tuberculosis												
	pre-existing conditions and risk factors	Postpartum (≤6 weeks)												
	pre-existing conditions and risk factors	Pregnancy												
	pre-existing conditions and risk factors	Rheumatic disease												
	pre-existing conditions and risk factors	Sickle cell disease												
	pre-existing conditions and risk factors	Substance use												
	Substance use	   Alcohol abuse												
	Substance use	   Drug abuse												
	Drug abuse	      Injection drug abuse												
	Substance use	   Smoking												
	Substance use	   Vaping												
HP:0002789	pre-existing conditions and risk factors	Tachypnea (accelerated respiratory rate)												
	pre-existing conditions and risk factors	Transplant												
	Transplant	   Bone marrow transplant												
	Transplant	   Cardiac transplant												
	Transplant	   Hematopoietic stem cell transplant (HSCT)												
	Transplant	   Kidney transplant												
	Transplant	   Liver transplant												
														
														
														
	complications	Abnormal blood oxygen level												
	complications	Acute respiratory failure												
HP:0011675	complications	Arrhythmia (complication)												
	Arrhythmia (complication)	   Tachycardia												
	Tachycardia	      Polymorphic ventricular tachycardia (VT)												
	Tachycardia	      Tachyarrhythmia												
	complications	Noncardiogenic pulmonary edema												
	Noncardiogenic pulmonary edema	   Acute respiratory distress syndrome (ARDS)												
	Acute respiratory distress syndrome (ARDS)	      COVID-19 associated ARDS (CARDS)												
	Acute respiratory distress syndrome (ARDS)	      Neurogenic pulmonary edema (NPE)												
	complications	Cardiac injury												
	complications	Cardiac arrest												
	complications	Cardiogenic shock												
	complications	Blood clot												
	Blood clot	   Arterial clot												
	Blood clot	   Deep vein thrombosis (DVT)												
	Blood clot	   Pulmonary embolism (PE)												
HP:0001638	complications	Cardiomyopathy												
	complications	Central nervous system invasion												
	complications	Stroke (complication)												
	Stroke (complication)	   Central Nervous System Vasculitis												
	Stroke (complication)	   Ischemic stroke												
	Ischemic stroke	      Acute ischemic stroke												
	complications	Coma												
	complications	Convulsions												
	complications	COVID-19 associated coagulopathy (CAC)												
	complications	Cystic fibrosis												
	complications	Cytokine release syndrome												
	complications	Disseminated intravascular coagulation (DIC)												
	complications	Encephalopathy												
	complications	Fulminant myocarditis												
	complications	Guillain-Barré syndrome												
	complications	Internal hemorrhage (complication; internal bleeding)												
	Internal hemorrhage (complication; internal bleeding)	   Intracerebral haemorrhage												
	complications	Kawasaki disease												
	Kawasaki disease	   Typical Kawasaki disease												
	Kawasaki disease	   Incomplete Kawasaki disease												
	complications	Kidney injury												
	Kidney injury	   Acute kidney injury												
	complications	Liver dysfunction												
	complications	Liver injury												
	Liver injury	   Acute liver injury												
	complications	Lung injury												
	Lung injury	   Acute lung injury												
	complications	Meningitis												
	complications	Migraine												
	complications	Miscarriage												
	complications	Multisystem inflammatory syndrome in children (MIS-C)												
	complications	Muscle injury												
	complications	Myalgic encephalomyelitis (ME)												
	complications	Myocardial infarction (heart attack)												
	Myocardial infarction (heart attack)	   Acute myocardial infarction												
	Myocardial infarction (heart attack)	   Elevation myocardial infarction												
	Myocardial infarction (heart attack)	   ST-segment elevation myocardial infarction												
	complications	Myocardial injury												
	complications	Neonatal complications												
	complications	Organ failure												
	Organ failure	   Heart failure												
	Organ failure	   Liver failure												
	complications	Paralysis												
	complications	Pneumothorax (collapsed lung)												
	Pneumothorax (collapsed lung)	   Spontaneous pneumothorax												
	Pneumothorax (collapsed lung)	   Spontaneous tension pneymothorax												
	complications	Pneumonia (complication)												
	Pneumonia (complication)	   COVID-19 pneumonia												
	complications	Pregancy complications												
	complications	Rhabdomyolysis												
	complications	Secondary infection												
	Secondary infection	   Secondary staph infection												
	Secondary infection	   Secondary strep infection												
HP:0001250	complications	Seizure (complication)												
HP:0020219	Seizure (complication)	   Motor seizure												
	complications	Sepsis												
	complications	Septicemia												
	complications	Shock												
	Shock	   Hyperinflammatory shock												
	Shock	   Refractory cardiogenic shock												
	Shock	   Refractory cardiogenic plus vasoplegic shock												
	Shock	   Septic shock												
	complications	Vasculitis												
	complications	Ventilation induced lung injury (VILI)												
														
														
														
UBERON_0000178	anatomical material	Blood												
UBERON_0006314	anatomical material	Fluid												
UBERON_0001836	Fluid	   Saliva												
UBERON_0001359	Fluid	   Fluid (cerebrospinal (CSF))												
UBERON_0002409	Fluid	   Fluid (pericardial)												
UBERON_0001087	Fluid	   Fluid (pleural)												
UBERON_0036243	Fluid	   Fluid (vaginal)												
UBERON_0000173	Fluid	   Fluid (amniotic)												
UBERON_0000479	anatomical material	Tissue												
														
														
														
UBERON_0001245	anatomical part	Anus												
	anatomical part	Buccal mucosa												
UBERON_0002114	anatomical part	Duodenum												
UBERON_0000970	anatomical part	Eye												
	anatomical part	Intestine												
UBERON_0001052	anatomical part	Rectum												
UBERON_0001003	anatomical part	Skin												
UBERON_0000945	anatomical part	Stomach												
UBERON_0001557	anatomical part	Upper respiratory tract												
UBERON_2001427	Upper respiratory tract	   Anterior Nares												
UBERON_0001043	Upper respiratory tract	   Esophagus												
UBERON_0002453	Upper respiratory tract	   Ethmoid sinus												
	Upper respiratory tract	   Nasal Cavity												
UBERON_0005921 	Nasal Cavity	     Middle Nasal Turbinate												
UBERON_0005922	Nasal Cavity	     Inferior Nasal Turbinate												
UBERON_0001728	Upper respiratory tract	   Nasopharynx (NP)												
UBERON_0001729	Upper respiratory tract	   Oropharynx (OP)												
UBERON_0001558	anatomical part	Lower respiratory tract												
UBERON_0002185 	Lower respiratory tract	   Bronchus												
UBERON_0002048	Lower respiratory tract	   Lung												
UBERON_0002186	Lung	     Bronchiole												
UBERON_0002169	Lung	     Alveolar sac												
UBERON_0009778 	Lower respiratory tract	   Pleural sac												
UBERON_0002402	Pleural sac	     Pleural cavity												
UBERON_0003126	Lower respiratory tract	   Trachea												
														
														
														
														
UBERON_0001988	body product	Feces												
UBERON_0001088	body product	Urine												
UBERON_0001089	body product	Sweat												
UBERON_0000912	body product	Mucus												
UBERON_0007311	Mucus	   Sputum												
UBERON_0001827	body product	Tear												
UBERON_0006530	body product	Fluid (seminal)												
UBERON_0001913	body product	Breast Milk												
														
														
														
														
	environmental material	Air vent												
ENVO_00003896	environmental material	Banknote												
	environmental material	Bed rail												
ENVO_01000486	environmental material	Building floor												
ENVO_02000058	environmental material	Cloth												
	environmental material	Control panel												
NCIT_C48950	environmental material	Door  												
	environmental material	Door handle												
	environmental material	Face mask												
	environmental material	Face shield												
FOODON:00002403	environmental material	Food												
FOODON:03490100	environmental material	Food packaging												
ENVO:01000481	environmental material	Glass												
	environmental material	Handrail												
	environmental material	Hospital gown												
	environmental material	Light switch												
	environmental material	Locker												
	environmental material	N95 mask												
	environmental material	Nurse call button 												
	environmental material	Paper												
ENVO:01000060	Particulate matter													
ENVO:01000404	environmental material	Plastic												
	environmental material	PPE gown												
ENVO_00002018	environmental material	Sewage												
ENVO_01000990	environmental material	Sink												
ENVO_00001998	environmental material	Soil												
	environmental material	Stainless steel												
	environmental material	Tissue paper												
	environmental material	Toilet bowl												
ENVO_00002006	environmental material	Water												
	environmental material	Window												
ENVO:00002040	environmental material	Wood												
														
	environmental site	Acute care facility												
ENVO:00003040	environmental site	Animal house												
ENVO:01000422	environmental site	Bathroom												
	environmental site	Clinical assessment centre												
	environmental site	Conference venue												
ENVO REQUEST	environmental site	Corridor												
ENVO_01000927	environmental site	Daycare												
NCIT_C53513	environmental site	Emergency room (ER)												
	environmental site	Family practice clinic												
	environmental site	Group home												
	environmental site	Homeless shelter												
OBI_0000844	environmental site	Hospital												
NCIT_C53511	environmental site	Intensive Care Unit (ICU)												
GENEPIO_0001035	environmental site	Long Term Care Facility												
	environmental site	Patient room												
ENVO_01001481	environmental site	Prison												
ENVO_01000536	environmental site	Production Facility												
NCIT_C17118	environmental site	School												
	environmental site	Sewage Plant												
	environmental site	Subway train												
	environmental site	Wet market												
														
NCIT:C52009	collection method	Amniocentesis												
NCIT:C15631	collection method	Aspiration												
	Aspiration	  Suprapubic Aspiration												
	Aspiration	  Tracheal aspiration												
	Aspiration	  Vacuum Aspiration												
OBI:0002650	collection method	Biopsy												
OBI:0002651	Biopsy	  Needle Biopsy												
	collection method	Filtration												
	Filtration	Air filtration												
OBI:0600044 	collection method	Lavage												
BTO:0000155	Lavage	  Bronchoalveolar lavage (BAL)												
	Lavage	  Gastric Lavage												
NCIT:C15327	collection method	Lumbar Puncture												
MMO:0000344	collection method	Necropsy												
NCIT:c28221	collection method	Phlebotomy												
GENEPIO:0002116	collection method	Rinsing												
	collection method	Scraping												
GENEPIO:0002117	collection method	Swabbing												
	Swabbing	  Finger Prick												
	collection method	Wash												
	collection method	Washout Tear Collection												
														
	collection device	Air filter												
NCIT:C113122	collection device	Blood Collection Tube												
NCIT:C17611 	collection device	Bronchoscope												
	collection device	Collection Container												
	collection device	Collection Cup												
	collection device	Fibrobronchoscope Brush												
	collection device	Filter												
	collection device	Fine Needle												
	collection device	Microcapillary tube												
OBI:0001128	collection device	Micropipette												
OBI:0000436	collection device	Needle												
NCIT:C113675 	collection device	Serum Collection Tube												
	collection device	Sputum Collection Tube												
	collection device	Suction Catheter												
NCIT:c17627	collection device	Swab												
	collection device	Urine Collection Tube												
	collection device	Virus Transport Medium												
														
														
NCBITaxon_9606	host (scientific name)	Homo sapiens												
NCBITaxon_9913	host (scientific name)	Bos taurus												
NCBITaxon_9615 	host (scientific name)	Canis lupus familiaris												
NCBITaxon_9397	host (scientific name)	Chiroptera												
NCBITaxon_8930	host (scientific name)	Columbidae												
NCBITaxon_9685	host (scientific name)	Felis catus												
NCBITaxon_9031	host (scientific name)	Gallus gallus												
NCBITaxon_9973	host (scientific name)	Manis												
NCBITaxon_9974	host (scientific name)	Manis javanica												
NCBITaxon_9689	host (scientific name)	Panthera leo												
NCBITaxon_9694	host (scientific name)	Panthera tigris												
NCBITaxon_58055 	host (scientific name)	Rhinolophidae												
NCBITaxon_59477	host (scientific name)	Rhinolophus affinis												
NCBITaxon_9825	host (scientific name)	Sus scrofa domesticus												
NCBITaxon_9673	host (scientific name)	Viverridae												
														
														
NCBITaxon_9605	host (common name)	Human												
NCBITaxon_9397	host (common name)	Bat												
NCBITaxon_9685	host (common name)	Cat												
NCBITaxon_9031	host (common name)	Chicken												
NCBITaxon_9673	host (common name)	Civets												
NCBITaxon_9913	host (common name)	Cow												
NCBITaxon_9615 	host (common name)	Dog												
NCBITaxon_9689	host (common name)	Lion												
NCBITaxon_9973	host (common name)	Pangolin												
NCBITaxon_9823	host (common name)	Pig												
NCBITaxon_8930	host (common name)	Pigeon												
NCBITaxon_9694	host (common name)	Tiger												
														
														
	host health state	Asymptomatic												
	host health state	Deceased												
	host health state	Healthy												
	host health state	Recovered												
	host health state	Symptomatic												
														
														
	host health status details	Hospitalized												
	Hospitalized	Hospitalized (Non-ICU)												
	Hospitalized	Hospitalized (ICU)												
	host health status details	Mechanical Ventilation												
	host health status details	Medically Isolated												
	Medically Isolated	Medically Isolated (Negative Pressure)												
	host health status details	Self-quarantining												
														
	host health outcome	Deceased												
	host health outcome	Deteriorating												
	host health outcome	Recovered												
	host health outcome	Stable												
														
	organism	Severe acute respiratory syndrome coronavirus 2												
	organism	RaTG13												
	organism	RmYN02												
														
														
	purpose of sampling	Cluster investigation												
	purpose of sampling	Diagnostic testing												
NCIT_c15429	purpose of sampling	Research												
	purpose of sampling	Surveillance testing												
	purpose of sampling	Viral passage experiment												
														
	specimen processing	Virus passage												
	specimen processing	RNA re-extraction (post RT-PCR)												
	specimen processing	Specimens pooled												
														
	lab host	293/ACE2 cell line												
BTO_0000195 	lab host	Caco2 cell line												
BTO_0002750	lab host	Calu3 cell line												
	lab host	EFK3B cell line												
BTO_0002181	lab host	HEK293T cell line												
	lab host	HRCE cell line												
BTO_0001950	lab host	Huh7 cell line												
CLO_0007330	lab host	LLCMk2 cell line												
BTO_0000836 	lab host	MDBK cell line												
	lab host	Mv1Lu cell line												
BTO_0002924	lab host	NHBE cell line												
BTO_0001865	lab host	PK-15 cell line												
BTO_0002909	lab host	RK-13 cell line												
BTO_0002035	lab host	U251 cell line												
BTO_0001444 	lab host	Vero cell line												
BTO:0004755	lab host	   Vero E6 cell line												
	lab host	      VeroE6/TMPRSS2 cell line												
														
	host disease	COVID-19												
														
	host age bin	0 - 9												
	host age bin	10 - 19												
	host age bin	20 - 29												
	host age bin	30 - 39												
	host age bin	40 - 49												
	host age bin	50 - 59												
	host age bin	60 - 69												
	host age bin	70 - 79												
	host age bin	80 - 89												
	host age bin	90 - 99												
	host age bin	100+												
														
OMRSE:00000009?	host gender	Female												
OMRSE:00000008?	host gender	Male												
	host gender	Non-binary gender												
	host gender	Transgender												
	host gender	Undeclared												
														
														
	exposure event	Mass Gathering												
	Mass Gathering	   Convention												
	Mass Gathering	   Convocation												
	Mass Gathering	   Agricultural Event												
	exposure event	Religious Gathering												
	Religious Gathering	   Mass												
	exposure event	Social Gathering												
	Social Gathering	   Baby Shower												
	Social Gathering	   Community Event												
	Social Gathering	   Family Gathering												
	Family Gathering	      Family Reunion												
	Social Gathering	   Funeral												
	Social Gathering	   Party												
	Social Gathering	   Potluck												
	Social Gathering	   Wedding												
	exposure event	Other												
														
														
	direct/indirect exposure	Direct												
	direct/indirect exposure	Indirect												
	direct/indirect exposure	Unknown												
														
														
	host role	Attendee												
	Attendee	   Student												
	host role	Patient												
	Patient	   Inpatient												
	Patient	   Outpatient												
	host role	Passenger												
	host role	Resident												
	host role	Visitor												
	host role	Volunteer												
	host role	Work												
	Work	   Administrator												
	Work	   First Responder												
	First Responder	      Firefighter												
	First Responder	      Paramedic												
	First Responder	      Police Officer												
	Work	   Housekeeper												
	Work	   Kitchen Worker												
	Work	   Laboratory Worker												
	Work	   Nurse												
	Work	   Personal Care Aid												
	Work	   Pharmacist												
	Work	   Physician												
	Work	   Vet												
	host role	Social role												
	Social role	   Acquaintance												
	Social role	   Child												
	Social role	   Parent												
	Parent	      Father												
	Parent	      Mother												
	Social role	   Spouse												
	host role	Other												
														
														
	exposure setting	Human Exposure												
	Human Exposure	   Known COVID-19 Case												
	Human Exposure	   Patient Contact												
	Human Exposure	   Probable COVID-19 Case												
	Human Exposure	   Person with Acute Respiratory Illness												
	Human Exposure	   Person with Fever and/or Cough												
	Human Exposure	   Person who Recently Travelled												
	exposure setting	Occupational or Residency Exposure												
	Occupational or Residency Exposure	   Abbatoir												
	Occupational or Residency Exposure	   Animal Rescue												
	Occupational or Residency Exposure	   Childcare												
	Childcare	      Daycare												
	Occupational or Residency Exposure	   Place of Worship												
	Place of Worship	      Church												
	Place of Worship	      Mosque												
	Place of Worship	      Temple												
	Occupational or Residency Exposure	   Nursery												
	Occupational or Residency Exposure	   Household												
	Occupational or Residency Exposure	   Community Service Centre												
	Occupational or Residency Exposure	   Correctional Facility												
	Occupational or Residency Exposure	   Dormitory												
	Occupational or Residency Exposure	   Farm												
	Occupational or Residency Exposure	   First Nations Reserve												
	Occupational or Residency Exposure	   Group Home												
	Occupational or Residency Exposure	   Healthcare Setting												
	Healthcare Setting	      Ambulance												
	Healthcare Setting	      Acute Care Facility												
	Healthcare Setting	      Clinic												
	Healthcare Setting	      Community Health Centre												
	Healthcare Setting	      Hospital												
	Hospital	         Emergency Department												
	Hospital	         ICU												
	Hospital	         Ward												
	Healthcare Setting	      Laboratory												
	Healthcare Setting	      Long-Term Care Facility												
	Healthcare Setting	      Pharmacy												
	Healthcare Setting	      Physician's Office												
	Occupational or Residency Exposure	   Insecure Housing (Homeless)												
	Occupational or Residency Exposure	   Office												
	Occupational or Residency Exposure	   Outdoors												
	Outdoors	      Camp/camping												
	Outdoors	      Hiking												
	Outdoors	      Hunting												
	Occupational or Residency Exposure	   Petting zoo												
	Occupational or Residency Exposure	   Restaurant												
	Occupational or Residency Exposure	   Retail Store												
	Occupational or Residency Exposure	   School												
	Occupational or Residency Exposure	   Temporary Residence												
	Temporary Residence	      Homeless Shelter												
	Temporary Residence	      Hotel												
	Occupational or Residency Exposure	   Vet												
	exposure setting	Travel Exposure												
	Travel Exposure	   Travelled												
	Travel Exposure	   Travelled on a Cruise Ship												
	Travel Exposure	   Travelled on a Plane												
	Travel Exposure	   Travelled on Ground Transport												
	Travel Exposure	   Travelled outside Province/Territory												
	Travel Exposure	   Travelled outside Canada												
	exposure setting	Other												
														
														
														
OBI_0000759	sequencing instrument	ILLUMINA												
OBI_0002129	ILLUMINA	   HiSeq X 												
	HiSeq X	      HiSeq X Five												
OBI_0002129	HiSeq X	      HiSeq X Ten												
OBI_0002128	ILLUMINA	   Illumina Genome Analyzer												
OBI_0000703	Illumina Genome Analyzer	      Illumina Genome Analyzer II												
OBI_0002000	Illumina Genome Analyzer	      Illumina Genome Analyzer IIx												
	ILLUMINA	   Illumina HiScanSQ												
OBI_0002022	ILLUMINA	   Illumina HiSeq 1000												
	ILLUMINA	   Illumina HiSeq 1500												
OBI_0002001	ILLUMINA	   Illumina HiSeq 2000												
OBI_0002002	ILLUMINA	   Illumina HiSeq 2500												
OBI_0002048	ILLUMINA	   Illumina HiSeq 3000												
OBI_0002049	ILLUMINA	   Illumina HiSeq 4000												
http://www.ebi.ac.uk/efo/EFO_0008635	ILLUMINA	   Illumina iSeq 100												
OBI_0002630	ILLUMINA	   Illumina NovaSeq 6000												
http://www.ebi.ac.uk/efo/EFO_0008636	ILLUMINA	   Illumina MiniSeq												
OBI_0002003	ILLUMINA	   Illumina MiSeq												
OBI_0002021	ILLUMINA	   NextSeq 500												
	ILLUMINA	   NextSeq 550												
OBI_0001856	sequencing instrument	Pacific Biosciences												
	Pacific Biosciences	   PacBio RS												
OBI_0002012	Pacific Biosciences	   PacBio RS II												
OBI_0002632	Pacific Biosciences	   PacBio Sequel												
OBI_0002633	Pacific Biosciences	   PacBio Sequel II												
	sequencing instrument	Ion Torrent												
GENEPIO_0001935	Ion Torrent	   Ion Torrent PGM												
	Ion Torrent	   Ion Torrent Proton												
	Ion Torrent	   Ion Torrent S5 XL												
	Ion Torrent	   Ion Torrent S5												
	sequencing instrument	Oxford Nanopore												
	Oxford Nanopore	   GridION												
	Oxford Nanopore	   MinION												
	Oxford Nanopore	   PromethION												
	sequencing instrument	BGI Genomics												
	BGI Genomics	   BGISEQ-500												
	sequencing instrument	MGI												
	MGI	DNBSEQ-T7												
	MGI	DNBSEQ-G400												
	MGI	DNBSEQ-G400 FAST												
	MGI	DNBSEQ-G50												
														
														
PR:P0DTC4	gene name 1	E (orf4)												
PR:P0DTC5	gene name 1	M (orf5)												
PR:P0DTC9	gene name 1	N (orf9)												
PR:P0DTC2	gene name 1	Spike (orf2)												
PR:000050281	gene name 1	ORF1ab (rep)												
PR:P0DTC1-1	ORF1ab (rep)	   ORF1a (pp1a)												
PR:000050280	ORF1a (pp1a)	      nsp11												
PR:000050270	ORF1ab (rep)	   nsp1												
PR:000050271	ORF1ab (rep)	   nsp2												
PR:000050272	ORF1ab (rep)	   nsp3												
PR:000050273	ORF1ab (rep)	   nsp4												
PR:000050274	ORF1ab (rep)	   nsp5												
PR:000050275	ORF1ab (rep)	   nsp6												
PR:000050276	ORF1ab (rep)	   nsp7												
PR:000050277	ORF1ab (rep)	   nsp8												
PR:000050278	ORF1ab (rep)	   nsp9												
PR:000050279	ORF1ab (rep)	   nsp10												
PR:000050284	ORF1ab (rep)	   nsp12 (RdRp)												
PR:000050285	ORF1ab (rep)	   nsp13 (Hel)												
PR:000050286	ORF1ab (rep)	   nsp14 (ExoN)												
PR:000050287	ORF1ab (rep)	   nsp15												
PR:000050288	ORF1ab (rep)	   nsp16												
PR:P0DTC3	gene name 1	ORF3a												
	gene name 1	ORF3b												
PR:P0DTC6	gene name 1	ORF6 (ns6)												
PR:P0DTC7	gene name 1	ORF7a												
PR:P0DTD8	gene name 1	ORF7b (ns7b)												
PR:P0DTC8	gene name 1	ORF8 (ns8)												
PR:P0DTD2	gene name 1	ORF9b												
	gene name 1	ORF9c												
PR:A0A663DJA2	gene name 1	ORF10												
	gene name 1	ORF14												
														
														
GAZ_00006882	geo_loc_name (country)	Afghanistan												
GAZ_00002953	geo_loc_name (country)	Albania												
GAZ_00000563	geo_loc_name (country)	Algeria												
GAZ_00003957	geo_loc_name (country)	American Samoa												
GAZ_00002948	geo_loc_name (country)	Andorra												
GAZ_00001095	geo_loc_name (country)	Angola												
GAZ_00009159	geo_loc_name (country)	Anguilla												
GAZ_00000462	geo_loc_name (country)	Antarctica												
GAZ_00006883	geo_loc_name (country)	Antigua and Barbuda												
GAZ_00002928	geo_loc_name (country)	Argentina												
GAZ_00004094	geo_loc_name (country)	Armenia												
GAZ_00004025	geo_loc_name (country)	Aruba												
GAZ_00005901	geo_loc_name (country)	Ashmore and Cartier Islands												
GAZ_00000463	geo_loc_name (country)	Australia												
GAZ_00002942	geo_loc_name (country)	Austria												
GAZ_00004941	geo_loc_name (country)	Azerbaijan												
GAZ_00002733	geo_loc_name (country)	Bahamas												
GAZ_00005281	geo_loc_name (country)	Bahrain												
GAZ_00007117	geo_loc_name (country)	Baker Island												
GAZ_00003750	geo_loc_name (country)	Bangladesh												
GAZ_00001251	geo_loc_name (country)	Barbados												
GAZ_00005810	geo_loc_name (country)	Bassas da India												
GAZ_00006886	geo_loc_name (country)	Belarus												
GAZ_00002938	geo_loc_name (country)	Belgium												
GAZ_00002934	geo_loc_name (country)	Belize												
GAZ_00000904	geo_loc_name (country)	Benin												
GAZ_00001264	geo_loc_name (country)	Bermuda												
GAZ_00003920	geo_loc_name (country)	Bhutan												
GAZ_00002511	geo_loc_name (country)	Bolivia												
GAZ_00025355	geo_loc_name (country)	Borneo												
GAZ_00006887	geo_loc_name (country)	Bosnia and Herzegovina												
GAZ_00001097	geo_loc_name (country)	Botswana												
GAZ_00001453	geo_loc_name (country)	Bouvet Island												
GAZ_00002828	geo_loc_name (country)	Brazil												
GAZ_00003961	geo_loc_name (country)	British Virgin Islands												
GAZ_00003901	geo_loc_name (country)	Brunei												
GAZ_00002950	geo_loc_name (country)	Bulgaria												
GAZ_00000905	geo_loc_name (country)	Burkina Faso												
GAZ_00001090	geo_loc_name (country)	Burundi												
GAZ_00006888	geo_loc_name (country)	Cambodia												
GAZ_00001093	geo_loc_name (country)	Cameroon												
GAZ_00002560	geo_loc_name (country)	Canada												
GAZ_00001227	geo_loc_name (country)	Cape Verde												
GAZ_00003986	geo_loc_name (country)	Cayman Islands												
GAZ_00001089	geo_loc_name (country)	Central African Republic												
GAZ_00000586	geo_loc_name (country)	Chad												
GAZ_00002825	geo_loc_name (country)	Chile												
GAZ_00002845	geo_loc_name (country)	China												
GAZ_00005915	geo_loc_name (country)	Christmas Island												
GAZ_00005838	geo_loc_name (country)	Clipperton Island												
GAZ_00009721	geo_loc_name (country)	Cocos Islands												
GAZ_00002929	geo_loc_name (country)	Colombia												
GAZ_00005820	geo_loc_name (country)	Comoros												
GAZ_00053798	geo_loc_name (country)	Cook Islands												
GAZ_00005917	geo_loc_name (country)	Coral Sea Islands												
GAZ_00002901	geo_loc_name (country)	Costa Rica												
GAZ_00000906	geo_loc_name (country)	Cote d'Ivoire												
GAZ_00002719	geo_loc_name (country)	Croatia												
GAZ_00003762	geo_loc_name (country)	Cuba												
GAZ_00004021	geo_loc_name (country)	Curacao												
GAZ_00004006	geo_loc_name (country)	Cyprus												
GAZ_00002954	geo_loc_name (country)	Czech Republic												
GAZ_00001086	geo_loc_name (country)	Democratic Republic of the Congo												
GAZ_00005852	geo_loc_name (country)	Denmark												
GAZ_00000582	geo_loc_name (country)	Djibouti												
GAZ_00006890	geo_loc_name (country)	Dominica												
GAZ_00003952	geo_loc_name (country)	Dominican Republic												
GAZ_00002912	geo_loc_name (country)	Ecuador												
GAZ_00003934	geo_loc_name (country)	Egypt												
GAZ_00002935	geo_loc_name (country)	El Salvador												
GAZ_00001091	geo_loc_name (country)	Equatorial Guinea												
GAZ_00000581	geo_loc_name (country)	Eritrea												
GAZ_00002959	geo_loc_name (country)	Estonia												
GAZ_00001099	geo_loc_name (country)	Eswatini												
GAZ_00000567	geo_loc_name (country)	Ethiopia												
GAZ_00005811	geo_loc_name (country)	Europa Island												
GAZ_00001412	geo_loc_name (country)	Falkland Islands (Islas Malvinas)												
GAZ_00059206	geo_loc_name (country)	Faroe Islands												
GAZ_00006891	geo_loc_name (country)	Fiji												
GAZ_00002937	geo_loc_name (country)	Finland												
GAZ_00003940	geo_loc_name (country)	France												
GAZ_00002516	geo_loc_name (country)	French Guiana												
GAZ_00002918	geo_loc_name (country)	French Polynesia												
GAZ_00003753	geo_loc_name (country)	French Southern and Antarctic Lands												
GAZ_00001092	geo_loc_name (country)	Gabon												
GAZ_00000907	geo_loc_name (country)	Gambia												
GAZ_00009571	geo_loc_name (country)	Gaza Strip												
GAZ_00004942	geo_loc_name (country)	Georgia												
GAZ_00002646	geo_loc_name (country)	Germany												
GAZ_00000908	geo_loc_name (country)	Ghana												
GAZ_00003987	geo_loc_name (country)	Gibraltar												
GAZ_00005808	geo_loc_name (country)	Glorioso Islands												
GAZ_00002945	geo_loc_name (country)	Greece												
GAZ_00001507	geo_loc_name (country)	Greenland												
GAZ_02000573	geo_loc_name (country)	Grenada												
GAZ_00067142	geo_loc_name (country)	Guadeloupe												
GAZ_00003706	geo_loc_name (country)	Guam												
GAZ_00002936	geo_loc_name (country)	Guatemala												
GAZ_00001550	geo_loc_name (country)	Guernsey												
GAZ_00000909	geo_loc_name (country)	Guinea												
GAZ_00000910	geo_loc_name (country)	Guinea-Bissau												
GAZ_00002522	geo_loc_name (country)	Guyana												
GAZ_00003953	geo_loc_name (country)	Haiti												
GAZ_00009718	geo_loc_name (country)	Heard Island and McDonald Islands												
GAZ_00002894	geo_loc_name (country)	Honduras												
GAZ_00003203	geo_loc_name (country)	Hong Kong												
GAZ_00007120	geo_loc_name (country)	Howland Island												
GAZ_00002952	geo_loc_name (country)	Hungary												
GAZ_00000843	geo_loc_name (country)	Iceland												
GAZ_00002839	geo_loc_name (country)	India												
GAZ_00003727	geo_loc_name (country)	Indonesia												
GAZ_00004474	geo_loc_name (country)	Iran												
GAZ_00004483	geo_loc_name (country)	Iraq												
GAZ_00002943	geo_loc_name (country)	Ireland												
GAZ_00052477	geo_loc_name (country)	Isle of Man												
GAZ_00002476	geo_loc_name (country)	Israel												
GAZ_00002650	geo_loc_name (country)	Italy												
GAZ_00003781	geo_loc_name (country)	Jamaica												
GAZ_00005853	geo_loc_name (country)	Jan Mayen												
GAZ_00002747	geo_loc_name (country)	Japan												
GAZ_00007118	geo_loc_name (country)	Jarvis Island												
GAZ_00001551	geo_loc_name (country)	Jersey												
GAZ_00007114	geo_loc_name (country)	Johnston Atoll												
GAZ_00002473	geo_loc_name (country)	Jordan												
GAZ_00005809	geo_loc_name (country)	Juan de Nova Island												
GAZ_00004999	geo_loc_name (country)	Kazakhstan												
GAZ_00001101	geo_loc_name (country)	Kenya												
GAZ_00005682	geo_loc_name (country)	Kerguelen Archipelago												
GAZ_00007116	geo_loc_name (country)	Kingman Reef												
GAZ_00006894	geo_loc_name (country)	Kiribati												
GAZ_00011337	geo_loc_name (country)	Kosovo												
GAZ_00005285	geo_loc_name (country)	Kuwait												
GAZ_00006893	geo_loc_name (country)	Kyrgyzstan												
GAZ_00006889	geo_loc_name (country)	Laos												
GAZ_00002958	geo_loc_name (country)	Latvia												
GAZ_00002478	geo_loc_name (country)	Lebanon												
GAZ_00001098	geo_loc_name (country)	Lesotho												
GAZ_00000911	geo_loc_name (country)	Liberia												
GAZ_00000566	geo_loc_name (country)	Libya												
GAZ_00003858	geo_loc_name (country)	Liechtenstein												
GAZ_00007144	geo_loc_name (country)	Line Islands												
GAZ_00002960	geo_loc_name (country)	Lithuania												
GAZ_00002947	geo_loc_name (country)	Luxembourg												
GAZ_00003202	geo_loc_name (country)	Macau												
GAZ_00001108	geo_loc_name (country)	Madagascar												
GAZ_00001105	geo_loc_name (country)	Malawi												
GAZ_00003902	geo_loc_name (country)	Malaysia												
GAZ_00006924	geo_loc_name (country)	Maldives												
GAZ_00000584	geo_loc_name (country)	Mali												
GAZ_00005459	geo_loc_name (country)	Malta												
GAZ_00007161	geo_loc_name (country)	Marshall Islands												
GAZ_00067143	geo_loc_name (country)	Martinique												
GAZ_00000583	geo_loc_name (country)	Mauritania												
GAZ_00003745	geo_loc_name (country)	Mauritius												
GAZ_00003943	geo_loc_name (country)	Mayotte												
GAZ_00002852	geo_loc_name (country)	Mexico												
GAZ_00005862	geo_loc_name (country)	Micronesia												
GAZ_00007112	geo_loc_name (country)	Midway Islands												
GAZ_00003897	geo_loc_name (country)	Moldova												
GAZ_00003857	geo_loc_name (country)	Monaco												
GAZ_00008744	geo_loc_name (country)	Mongolia												
GAZ_00006898	geo_loc_name (country)	Montenegro												
GAZ_00003988	geo_loc_name (country)	Montserrat												
GAZ_00000565	geo_loc_name (country)	Morocco												
GAZ_00001100	geo_loc_name (country)	Mozambique												
GAZ_00006899	geo_loc_name (country)	Myanmar												
GAZ_00001096	geo_loc_name (country)	Namibia												
GAZ_00006900	geo_loc_name (country)	Nauru												
GAZ_00007119	geo_loc_name (country)	Navassa Island												
GAZ_00004399	geo_loc_name (country)	Nepal												
GAZ_00002946	geo_loc_name (country)	Netherlands												
GAZ_00005206	geo_loc_name (country)	New Caledonia												
GAZ_00000469	geo_loc_name (country)	New Zealand												
GAZ_00002978	geo_loc_name (country)	Nicaragua												
GAZ_00000585	geo_loc_name (country)	Niger												
GAZ_00000912	geo_loc_name (country)	Nigeria												
GAZ_00006902	geo_loc_name (country)	Niue												
GAZ_00005908	geo_loc_name (country)	Norfolk Island												
GAZ_00002801	geo_loc_name (country)	North Korea												
GAZ_00006895	geo_loc_name (country)	North Macedonia												
GAZ_00002284	geo_loc_name (country)	North Sea												
GAZ_00003958	geo_loc_name (country)	Northern Mariana Islands												
GAZ_00002699	geo_loc_name (country)	Norway												
GAZ_00005283	geo_loc_name (country)	Oman												
GAZ_00005246	geo_loc_name (country)	Pakistan												
GAZ_00006905	geo_loc_name (country)	Palau												
GAZ_00002892	geo_loc_name (country)	Panama												
GAZ_00003922	geo_loc_name (country)	Papua New Guinea												
GAZ_00010832	geo_loc_name (country)	Paracel Islands												
GAZ_00002933	geo_loc_name (country)	Paraguay												
GAZ_00002932	geo_loc_name (country)	Peru												
GAZ_00004525	geo_loc_name (country)	Philippines												
GAZ_00005867	geo_loc_name (country)	Pitcairn Islands												
GAZ_00002939	geo_loc_name (country)	Poland												
GAZ_00004126	geo_loc_name (country)	Portugal												
GAZ_00006935	geo_loc_name (country)	Puerto Rico												
GAZ_00005286	geo_loc_name (country)	Qatar												
GAZ_00001088	geo_loc_name (country)	Republic of the Congo												
GAZ_00003945	geo_loc_name (country)	Reunion												
GAZ_00002951	geo_loc_name (country)	Romania												
GAZ_00023304	geo_loc_name (country)	Ross Sea												
GAZ_00002721	geo_loc_name (country)	Russia												
GAZ_00001087	geo_loc_name (country)	Rwanda												
GAZ_00000849	geo_loc_name (country)	Saint Helena												
GAZ_00006906	geo_loc_name (country)	Saint Kitts and Nevis												
GAZ_00006909	geo_loc_name (country)	Saint Lucia												
GAZ_00003942	geo_loc_name (country)	Saint Pierre and Miquelon												
GAZ_00005841	geo_loc_name (country)	Saint Martin												
GAZ_02000565	geo_loc_name (country)	Saint Vincent and the Grenadines												
GAZ_00006910	geo_loc_name (country)	Samoa												
GAZ_00003102	geo_loc_name (country)	San Marino												
GAZ_00006927	geo_loc_name (country)	Sao Tome and Principe												
GAZ_00005279	geo_loc_name (country)	Saudi Arabia												
GAZ_00000913	geo_loc_name (country)	Senegal												
GAZ_00002957	geo_loc_name (country)	Serbia												
GAZ_00006922	geo_loc_name (country)	Seychelles												
GAZ_00000914	geo_loc_name (country)	Sierra Leone												
GAZ_00003923	geo_loc_name (country)	Singapore												
GAZ_00012579	geo_loc_name (country)	Sint Maarten												
GAZ_00002956	geo_loc_name (country)	Slovakia												
GAZ_00002955	geo_loc_name (country)	Slovenia												
GAZ_00005275	geo_loc_name (country)	Solomon Islands												
GAZ_00001104	geo_loc_name (country)	Somalia												
GAZ_00001094	geo_loc_name (country)	South Africa												
GAZ_00003990	geo_loc_name (country)	South Georgia and the South Sandwich Islands												
GAZ_00002802	geo_loc_name (country)	South Korea												
GAZ_00233439	geo_loc_name (country)	South Sudan												
GAZ_00003936	geo_loc_name (country)	Spain												
GAZ_00010831	geo_loc_name (country)	Spratly Islands												
GAZ_00003924	geo_loc_name (country)	Sri Lanka												
GAZ_00002475	geo_loc_name (country)	State of Palestine												
GAZ_00000560	geo_loc_name (country)	Sudan												
GAZ_00002525	geo_loc_name (country)	Suriname												
GAZ_00005396	geo_loc_name (country)	Svalbard												
GAZ_00001099	geo_loc_name (country)	Swaziland												
GAZ_00002729	geo_loc_name (country)	Sweden												
GAZ_00002941	geo_loc_name (country)	Switzerland												
GAZ_00002474	geo_loc_name (country)	Syria												
GAZ_00005341	geo_loc_name (country)	Taiwan												
GAZ_00006912	geo_loc_name (country)	Tajikistan												
GAZ_00001103	geo_loc_name (country)	Tanzania												
GAZ_00003744	geo_loc_name (country)	Thailand												
GAZ_00006913	geo_loc_name (country)	Timor-Leste												
GAZ_00000915	geo_loc_name (country)	Togo												
GAZ_00260188	geo_loc_name (country)	Tokelau												
GAZ_00006916	geo_loc_name (country)	Tonga												
GAZ_00003767	geo_loc_name (country)	Trinidad and Tobago												
GAZ_00005812	geo_loc_name (country)	Tromelin Island												
GAZ_00000562	geo_loc_name (country)	Tunisia												
GAZ_00000558	geo_loc_name (country)	Turkey												
GAZ_00005018	geo_loc_name (country)	Turkmenistan												
GAZ_00003955	geo_loc_name (country)	Turks and Caicos Islands												
GAZ_00009715	geo_loc_name (country)	Tuvalu												
GAZ_00002459	geo_loc_name (country)	USA												
GAZ_00001102	geo_loc_name (country)	Uganda												
GAZ_00002724	geo_loc_name (country)	Ukraine												
GAZ_00005282	geo_loc_name (country)	United Arab Emirates												
GAZ_00002637	geo_loc_name (country)	United Kingdom												
GAZ_00002930	geo_loc_name (country)	Uruguay												
GAZ_00004979	geo_loc_name (country)	Uzbekistan												
GAZ_00006918	geo_loc_name (country)	Vanuatu												
GAZ_00002931	geo_loc_name (country)	Venezuela												
GAZ_00003756	geo_loc_name (country)	Viet Nam												
GAZ_00003959	geo_loc_name (country)	Virgin Islands												
GAZ_00007111	geo_loc_name (country)	Wake Island												
GAZ_00007191	geo_loc_name (country)	Wallis and Futuna												
GAZ_00009572	geo_loc_name (country)	West Bank												
GAZ_00000564	geo_loc_name (country)	Western Sahara												
GAZ_00005284	geo_loc_name (country)	Yemen												
GAZ_00001107	geo_loc_name (country)	Zambia												
GAZ_00001106	geo_loc_name (country)	Zimbabwe												
														
														